id;patient_id;doctor_id;schedule_slot_id;appointment_type;status;scheduled_at;created_at;price_mdl;payment_status
1,364,31,3699,offline,completed,2026-09-10 18:00:00,2026-09-08 18:00:00,,350,paid;;;;;;;;;
2,1,23,3482,offline,confirmed,2026-09-18 15:00:00,2026-09-05 15:00:00,,300,paid;;;;;;;;;
3,246,13,1731,online,completed,2026-09-21 14:00:00,2026-09-11 14:00:00,,1000,paid;;;;;;;;;
4,300,13,821,online,cancelled,2026-09-24 15:00:00,2026-09-15 15:00:00,Emergency,800,unpaid;;;;;;;;;
5,328,9,2583,offline,completed,2026-09-07 08:00:00,2026-08-30 08:00:00,,500,paid;;;;;;;;;
6,69,20,831,offline,confirmed,2026-09-27 10:00:00,2026-09-18 10:00:00,,900,paid;;;;;;;;;
7,52,1,485,offline,completed,2026-10-01 17:00:00,2026-09-22 17:00:00,,1000,paid;;;;;;;;;
8,117,2,3973,offline,completed,2026-09-16 17:00:00,2026-09-15 17:00:00,,600,paid;;;;;;;;;
9,205,40,2544,online,completed,2026-08-26 13:00:00,2026-08-13 13:00:00,,350,paid;;;;;;;;;
10,264,38,2283,online,completed,2026-09-14 17:00:00,2026-08-31 17:00:00,,350,paid;;;;;;;;;
11,286,2,1457,online,completed,2026-10-01 14:00:00,2026-09-22 14:00:00,,500,paid;;;;;;;;;
12,115,4,1832,offline,completed,2026-09-01 11:00:00,2026-08-18 11:00:00,,1200,paid;;;;;;;;;
13,360,36,1151,online,confirmed,2026-09-06 09:00:00,2026-09-02 09:00:00,,1200,paid;;;;;;;;;
14,282,39,2020,offline,pending,2026-09-14 15:00:00,2026-09-01 15:00:00,,600,unpaid;;;;;;;;;
15,16,37,394,offline,confirmed,2026-09-23 18:00:00,2026-09-17 18:00:00,,600,paid;;;;;;;;;
16,364,25,2031,offline,completed,2026-08-31 13:00:00,2026-08-23 13:00:00,,1200,paid;;;;;;;;;
17,88,9,3052,online,completed,2026-08-18 15:00:00,2026-08-04 15:00:00,,700,paid;;;;;;;;;
18,153,1,201,offline,completed,2026-09-18 17:00:00,2026-09-17 17:00:00,,1200,paid;;;;;;;;;
19,336,12,1301,online,confirmed,2026-08-19 12:00:00,2026-08-10 12:00:00,,500,paid;;;;;;;;;
20,366,23,735,online,completed,2026-09-27 11:00:00,2026-09-15 11:00:00,,300,paid;;;;;;;;;
21,226,26,3190,offline,confirmed,2026-09-21 09:00:00,2026-09-13 09:00:00,,900,paid;;;;;;;;;
22,317,33,2542,offline,pending,2026-09-03 15:00:00,2026-08-21 15:00:00,,300,pending;;;;;;;;;
23,262,30,1576,offline,confirmed,2026-08-22 16:00:00,2026-08-08 16:00:00,,350,paid;;;;;;;;;
24,173,1,3379,offline,completed,2026-09-09 18:00:00,2026-08-31 18:00:00,,700,paid;;;;;;;;;
25,332,7,1298,offline,completed,2026-09-20 14:00:00,2026-09-15 14:00:00,,900,paid;;;;;;;;;
26,333,10,1160,online,confirmed,2026-09-23 10:00:00,2026-09-20 10:00:00,,450,paid;;;;;;;;;
27,42,24,3907,offline,completed,2026-09-27 16:00:00,2026-09-19 16:00:00,,700,paid;;;;;;;;;
28,301,1,2069,online,no_show,2026-08-28 12:00:00,2026-08-23 12:00:00,,700,refunded;;;;;;;;;
29,216,9,2848,online,pending,2026-08-18 10:00:00,2026-08-06 10:00:00,,900,unpaid;;;;;;;;;
30,260,11,3994,online,completed,2026-09-14 12:00:00,2026-09-05 12:00:00,,800,paid;;;;;;;;;
31,113,10,2821,online,no_show,2026-09-09 17:00:00,2026-09-03 17:00:00,,400,pending;;;;;;;;;
32,159,37,2748,offline,pending,2026-09-06 11:00:00,2026-08-24 11:00:00,,600,unpaid;;;;;;;;;
33,342,1,2915,offline,confirmed,2026-09-12 09:00:00,2026-08-29 09:00:00,,700,paid;;;;;;;;;
34,376,34,2337,online,cancelled,2026-09-07 12:00:00,2026-09-02 12:00:00,Patient request,1200,pending;;;;;;;;;
35,108,3,3915,offline,confirmed,2026-08-21 09:00:00,2026-08-07 09:00:00,,1000,paid;;;;;;;;;
36,326,9,3817,offline,completed,2026-09-02 14:00:00,2026-09-01 14:00:00,,350,paid;;;;;;;;;
37,134,36,3630,online,completed,2026-08-31 12:00:00,2026-08-20 12:00:00,,1200,paid;;;;;;;;;
38,267,18,3590,offline,pending,2026-09-08 14:00:00,2026-09-04 14:00:00,,500,refunded;;;;;;;;;
39,303,9,2019,offline,completed,2026-09-09 17:00:00,2026-09-07 17:00:00,,800,paid;;;;;;;;;
40,180,10,2789,offline,pending,2026-09-25 10:00:00,2026-09-20 10:00:00,,500,pending;;;;;;;;;
41,134,5,1902,offline,completed,2026-09-13 17:00:00,2026-08-31 17:00:00,,600,paid;;;;;;;;;
42,134,10,3193,online,completed,2026-09-21 16:00:00,2026-09-17 16:00:00,,300,paid;;;;;;;;;
43,246,33,3600,online,completed,2026-09-19 18:00:00,2026-09-07 18:00:00,,400,paid;;;;;;;;;
44,380,14,3097,online,confirmed,2026-09-19 18:00:00,2026-09-16 18:00:00,,1200,paid;;;;;;;;;
45,345,32,1909,offline,confirmed,2026-09-12 18:00:00,2026-09-02 18:00:00,,700,paid;;;;;;;;;
46,41,35,2434,offline,completed,2026-08-30 18:00:00,2026-08-21 18:00:00,,700,paid;;;;;;;;;
47,31,29,2995,offline,completed,2026-09-03 17:00:00,2026-08-29 17:00:00,,500,paid;;;;;;;;;
48,114,19,2989,online,completed,2026-09-03 14:00:00,2026-09-01 14:00:00,,900,paid;;;;;;;;;
49,279,38,2536,online,completed,2026-09-04 18:00:00,2026-08-27 18:00:00,,350,paid;;;;;;;;;
50,66,40,2927,offline,no_show,2026-09-17 11:00:00,2026-09-10 11:00:00,,500,refunded;;;;;;;;;
51,263,21,2057,offline,no_show,2026-09-25 15:00:00,2026-09-24 15:00:00,,600,refunded;;;;;;;;;
52,210,4,1881,online,completed,2026-08-28 09:00:00,2026-08-24 09:00:00,,300,paid;;;;;;;;;
53,348,22,3481,offline,completed,2026-08-27 12:00:00,2026-08-23 12:00:00,,300,paid;;;;;;;;;
54,138,10,1840,online,completed,2026-08-31 17:00:00,2026-08-28 17:00:00,,1200,paid;;;;;;;;;
55,221,11,117,offline,confirmed,2026-09-27 16:00:00,2026-09-21 16:00:00,,800,paid;;;;;;;;;
56,382,21,1828,offline,completed,2026-09-26 11:00:00,2026-09-23 11:00:00,,600,paid;;;;;;;;;
57,9,5,2413,online,pending,2026-09-20 10:00:00,2026-09-19 10:00:00,,800,unpaid;;;;;;;;;
58,124,29,2717,online,confirmed,2026-09-15 08:00:00,2026-09-14 08:00:00,,600,paid;;;;;;;;;
59,131,13,3699,offline,cancelled,2026-09-06 15:00:00,2026-08-23 15:00:00,Rescheduled,800,pending;;;;;;;;;
60,211,22,1355,online,cancelled,2026-08-23 15:00:00,2026-08-22 15:00:00,Emergency,350,refunded;;;;;;;;;
61,147,19,2150,offline,pending,2026-08-19 08:00:00,2026-08-07 08:00:00,,400,unpaid;;;;;;;;;
62,67,23,160,offline,completed,2026-09-19 11:00:00,2026-09-14 11:00:00,,1200,paid;;;;;;;;;
63,315,14,3042,offline,completed,2026-09-07 15:00:00,2026-08-28 15:00:00,,450,paid;;;;;;;;;
64,259,34,2403,online,completed,2026-09-16 08:00:00,2026-09-11 08:00:00,,450,paid;;;;;;;;;
65,191,37,1857,offline,completed,2026-09-23 15:00:00,2026-09-20 15:00:00,,700,paid;;;;;;;;;
66,85,6,83,offline,completed,2026-09-06 13:00:00,2026-08-25 13:00:00,,800,paid;;;;;;;;;
67,159,40,3458,offline,confirmed,2026-09-10 10:00:00,2026-09-02 10:00:00,,700,paid;;;;;;;;;
68,300,36,2165,offline,completed,2026-09-28 18:00:00,2026-09-20 18:00:00,,600,paid;;;;;;;;;
69,87,37,1074,online,pending,2026-09-06 15:00:00,2026-09-02 15:00:00,,300,refunded;;;;;;;;;
70,42,13,1626,online,completed,2026-08-21 09:00:00,2026-08-11 09:00:00,,500,paid;;;;;;;;;
71,362,24,2409,online,confirmed,2026-09-11 12:00:00,2026-09-04 12:00:00,,500,paid;;;;;;;;;
72,316,37,38,offline,completed,2026-09-25 12:00:00,2026-09-13 12:00:00,,500,paid;;;;;;;;;
73,317,25,2571,online,cancelled,2026-09-07 15:00:00,2026-08-25 15:00:00,Rescheduled,500,pending;;;;;;;;;
74,334,19,2446,online,completed,2026-08-23 08:00:00,2026-08-13 08:00:00,,450,paid;;;;;;;;;
75,211,11,3335,offline,cancelled,2026-09-24 17:00:00,2026-09-18 17:00:00,Emergency,1200,pending;;;;;;;;;
76,218,14,2276,offline,no_show,2026-08-26 09:00:00,2026-08-16 09:00:00,,700,pending;;;;;;;;;
77,304,7,2773,offline,no_show,2026-09-22 11:00:00,2026-09-10 11:00:00,,600,unpaid;;;;;;;;;
78,318,33,891,offline,no_show,2026-09-25 14:00:00,2026-09-16 14:00:00,,350,unpaid;;;;;;;;;
79,5,9,885,offline,completed,2026-08-27 09:00:00,2026-08-26 09:00:00,,400,paid;;;;;;;;;
80,32,35,3394,offline,no_show,2026-09-08 17:00:00,2026-09-01 17:00:00,,600,refunded;;;;;;;;;
81,165,26,3633,online,completed,2026-08-28 09:00:00,2026-08-22 09:00:00,,300,paid;;;;;;;;;
82,220,36,1370,online,completed,2026-09-22 11:00:00,2026-09-10 11:00:00,,350,paid;;;;;;;;;
83,152,34,769,online,pending,2026-09-04 11:00:00,2026-08-30 11:00:00,,1000,refunded;;;;;;;;;
84,81,33,1919,offline,completed,2026-08-21 12:00:00,2026-08-17 12:00:00,,400,paid;;;;;;;;;
85,323,12,3602,online,pending,2026-08-28 10:00:00,2026-08-21 10:00:00,,1200,pending;;;;;;;;;
86,193,29,3974,offline,confirmed,2026-09-17 13:00:00,2026-09-03 13:00:00,,400,paid;;;;;;;;;
87,270,19,480,offline,completed,2026-09-21 11:00:00,2026-09-14 11:00:00,,1200,paid;;;;;;;;;
88,173,35,3174,offline,completed,2026-08-17 12:00:00,2026-08-11 12:00:00,,450,paid;;;;;;;;;
89,79,27,2728,offline,completed,2026-09-05 10:00:00,2026-08-22 10:00:00,,600,paid;;;;;;;;;
90,243,11,3879,offline,completed,2026-08-26 18:00:00,2026-08-24 18:00:00,,300,paid;;;;;;;;;
91,295,29,3746,online,completed,2026-08-19 10:00:00,2026-08-18 10:00:00,,1200,paid;;;;;;;;;
92,379,16,1554,online,confirmed,2026-08-29 09:00:00,2026-08-15 09:00:00,,1200,paid;;;;;;;;;
93,356,35,3889,offline,completed,2026-09-05 12:00:00,2026-08-28 12:00:00,,1000,paid;;;;;;;;;
94,194,9,1818,online,no_show,2026-08-22 12:00:00,2026-08-13 12:00:00,,600,unpaid;;;;;;;;;
95,238,32,1082,offline,completed,2026-09-05 16:00:00,2026-08-23 16:00:00,,1000,paid;;;;;;;;;
96,365,28,649,online,completed,2026-09-05 10:00:00,2026-08-24 10:00:00,,350,paid;;;;;;;;;
97,291,39,1828,online,confirmed,2026-08-29 10:00:00,2026-08-18 10:00:00,,1000,paid;;;;;;;;;
98,171,27,476,offline,completed,2026-09-26 10:00:00,2026-09-19 10:00:00,,800,paid;;;;;;;;;
99,97,24,2883,online,completed,2026-08-26 12:00:00,2026-08-15 12:00:00,,1000,paid;;;;;;;;;
100,242,34,1054,online,confirmed,2026-09-27 17:00:00,2026-09-13 17:00:00,,400,paid;;;;;;;;;
101,309,9,1259,online,confirmed,2026-09-06 12:00:00,2026-09-01 12:00:00,,800,paid;;;;;;;;;
102,31,9,2258,offline,no_show,2026-09-19 11:00:00,2026-09-05 11:00:00,,800,refunded;;;;;;;;;
103,280,14,1545,offline,confirmed,2026-09-25 16:00:00,2026-09-18 16:00:00,,1000,paid;;;;;;;;;
104,259,24,2903,offline,confirmed,2026-08-21 09:00:00,2026-08-12 09:00:00,,600,paid;;;;;;;;;
105,216,23,1436,online,cancelled,2026-09-16 18:00:00,2026-09-04 18:00:00,Patient request,1000,unpaid;;;;;;;;;
106,100,32,729,online,completed,2026-08-23 11:00:00,2026-08-15 11:00:00,,1000,paid;;;;;;;;;
107,285,24,1167,offline,completed,2026-09-30 16:00:00,2026-09-26 16:00:00,,900,paid;;;;;;;;;
108,372,2,863,online,completed,2026-09-16 11:00:00,2026-09-04 11:00:00,,800,paid;;;;;;;;;
109,180,11,3484,offline,completed,2026-09-04 15:00:00,2026-08-21 15:00:00,,600,paid;;;;;;;;;
110,292,13,2527,online,completed,2026-09-25 11:00:00,2026-09-11 11:00:00,,900,paid;;;;;;;;;
111,1,19,1276,offline,cancelled,2026-09-05 15:00:00,2026-08-25 15:00:00,Doctor unavailable,300,unpaid;;;;;;;;;
112,299,24,2342,offline,pending,2026-09-15 17:00:00,2026-09-11 17:00:00,,900,unpaid;;;;;;;;;
113,51,10,640,online,completed,2026-09-04 16:00:00,2026-08-28 16:00:00,,400,paid;;;;;;;;;
114,170,28,3377,offline,confirmed,2026-08-31 15:00:00,2026-08-25 15:00:00,,800,paid;;;;;;;;;
115,66,14,993,online,completed,2026-08-30 10:00:00,2026-08-28 10:00:00,,900,paid;;;;;;;;;
116,127,5,2828,online,confirmed,2026-09-27 18:00:00,2026-09-18 18:00:00,,400,paid;;;;;;;;;
117,335,8,3332,offline,completed,2026-09-04 10:00:00,2026-09-02 10:00:00,,350,paid;;;;;;;;;
118,293,28,3104,offline,completed,2026-08-20 10:00:00,2026-08-07 10:00:00,,300,paid;;;;;;;;;
119,59,37,3325,online,pending,2026-09-29 18:00:00,2026-09-21 18:00:00,,450,pending;;;;;;;;;
120,24,19,725,offline,cancelled,2026-08-30 14:00:00,2026-08-16 14:00:00,Doctor unavailable,500,refunded;;;;;;;;;
121,345,3,2639,offline,confirmed,2026-09-11 10:00:00,2026-09-08 10:00:00,,1000,paid;;;;;;;;;
122,141,29,1733,offline,cancelled,2026-08-28 15:00:00,2026-08-26 15:00:00,Rescheduled,600,unpaid;;;;;;;;;
123,4,28,3624,offline,completed,2026-08-17 17:00:00,2026-08-07 17:00:00,,700,paid;;;;;;;;;
124,108,6,1163,online,cancelled,2026-08-27 13:00:00,2026-08-23 13:00:00,Emergency,900,unpaid;;;;;;;;;
125,20,39,598,offline,cancelled,2026-09-22 11:00:00,2026-09-18 11:00:00,Doctor unavailable,500,pending;;;;;;;;;
126,259,25,2291,online,confirmed,2026-09-01 17:00:00,2026-08-30 17:00:00,,300,paid;;;;;;;;;
127,68,16,2251,online,cancelled,2026-09-11 18:00:00,2026-09-01 18:00:00,Rescheduled,900,unpaid;;;;;;;;;
128,18,29,308,online,cancelled,2026-08-27 14:00:00,2026-08-18 14:00:00,Emergency,400,refunded;;;;;;;;;
129,354,8,400,offline,completed,2026-08-24 12:00:00,2026-08-20 12:00:00,,1000,paid;;;;;;;;;
130,40,8,7,online,confirmed,2026-09-03 17:00:00,2026-09-01 17:00:00,,1200,paid;;;;;;;;;
131,272,2,3034,online,completed,2026-09-26 13:00:00,2026-09-20 13:00:00,,1000,paid;;;;;;;;;
132,296,25,712,online,completed,2026-09-17 08:00:00,2026-09-14 08:00:00,,500,paid;;;;;;;;;
133,378,37,136,online,confirmed,2026-08-27 14:00:00,2026-08-18 14:00:00,,500,paid;;;;;;;;;
134,250,5,16,online,confirmed,2026-09-01 13:00:00,2026-08-22 13:00:00,,600,paid;;;;;;;;;
135,341,40,1156,online,confirmed,2026-09-23 09:00:00,2026-09-12 09:00:00,,450,paid;;;;;;;;;
136,355,5,1330,online,confirmed,2026-08-25 15:00:00,2026-08-19 15:00:00,,450,paid;;;;;;;;;
137,112,17,1424,online,pending,2026-09-01 16:00:00,2026-08-24 16:00:00,,400,pending;;;;;;;;;
138,87,18,1573,online,completed,2026-08-24 08:00:00,2026-08-12 08:00:00,,1200,paid;;;;;;;;;
139,66,25,3892,offline,cancelled,2026-09-13 11:00:00,2026-09-05 11:00:00,Emergency,300,unpaid;;;;;;;;;
140,359,8,2110,offline,no_show,2026-09-03 08:00:00,2026-08-23 08:00:00,,300,pending;;;;;;;;;
141,399,4,706,offline,confirmed,2026-09-13 08:00:00,2026-09-10 08:00:00,,900,paid;;;;;;;;;
142,14,7,1408,online,completed,2026-09-22 11:00:00,2026-09-12 11:00:00,,700,paid;;;;;;;;;
143,349,21,3481,offline,completed,2026-09-22 13:00:00,2026-09-09 13:00:00,,600,paid;;;;;;;;;
144,265,2,2695,online,confirmed,2026-08-23 11:00:00,2026-08-15 11:00:00,,1200,paid;;;;;;;;;
145,260,29,1044,offline,confirmed,2026-08-21 18:00:00,2026-08-17 18:00:00,,800,paid;;;;;;;;;
146,235,35,318,offline,completed,2026-08-27 13:00:00,2026-08-15 13:00:00,,450,paid;;;;;;;;;
147,297,9,2156,online,completed,2026-09-16 18:00:00,2026-09-03 18:00:00,,1200,paid;;;;;;;;;
148,387,34,3733,offline,completed,2026-09-21 15:00:00,2026-09-09 15:00:00,,900,paid;;;;;;;;;
149,45,20,868,online,completed,2026-09-03 13:00:00,2026-08-20 13:00:00,,450,paid;;;;;;;;;
150,322,22,3728,offline,completed,2026-08-25 14:00:00,2026-08-21 14:00:00,,800,paid;;;;;;;;;
151,124,35,1962,online,no_show,2026-09-24 13:00:00,2026-09-12 13:00:00,,300,refunded;;;;;;;;;
152,170,18,3723,online,completed,2026-09-15 14:00:00,2026-09-09 14:00:00,,400,paid;;;;;;;;;
153,108,12,1132,offline,completed,2026-08-21 16:00:00,2026-08-14 16:00:00,,800,paid;;;;;;;;;
154,377,29,2839,online,completed,2026-09-14 15:00:00,2026-09-09 15:00:00,,350,paid;;;;;;;;;
155,211,33,2504,offline,pending,2026-09-06 17:00:00,2026-08-26 17:00:00,,500,pending;;;;;;;;;
156,90,13,2209,offline,confirmed,2026-08-20 14:00:00,2026-08-18 14:00:00,,900,paid;;;;;;;;;
157,318,28,843,offline,completed,2026-08-25 17:00:00,2026-08-24 17:00:00,,450,paid;;;;;;;;;
158,391,31,2640,offline,cancelled,2026-09-01 14:00:00,2026-08-18 14:00:00,Doctor unavailable,800,refunded;;;;;;;;;
159,305,13,1878,online,no_show,2026-09-02 14:00:00,2026-09-01 14:00:00,,400,unpaid;;;;;;;;;
160,189,19,2983,offline,completed,2026-09-05 15:00:00,2026-08-23 15:00:00,,400,paid;;;;;;;;;
161,250,15,2550,offline,completed,2026-09-19 16:00:00,2026-09-10 16:00:00,,300,paid;;;;;;;;;
162,114,13,1789,online,pending,2026-08-20 16:00:00,2026-08-11 16:00:00,,1000,refunded;;;;;;;;;
163,365,35,3716,online,completed,2026-09-25 09:00:00,2026-09-15 09:00:00,,450,paid;;;;;;;;;
164,220,25,1551,offline,completed,2026-08-19 17:00:00,2026-08-10 17:00:00,,1200,paid;;;;;;;;;
165,196,10,1543,online,completed,2026-08-24 16:00:00,2026-08-14 16:00:00,,900,paid;;;;;;;;;
166,279,15,41,offline,completed,2026-09-13 10:00:00,2026-09-11 10:00:00,,600,paid;;;;;;;;;
167,14,13,1941,offline,completed,2026-09-06 17:00:00,2026-08-24 17:00:00,,800,paid;;;;;;;;;
168,112,10,3725,offline,completed,2026-09-02 13:00:00,2026-08-28 13:00:00,,1000,paid;;;;;;;;;
169,142,9,2429,offline,confirmed,2026-09-16 09:00:00,2026-09-13 09:00:00,,500,paid;;;;;;;;;
170,70,36,2238,offline,completed,2026-09-05 13:00:00,2026-09-04 13:00:00,,300,paid;;;;;;;;;
171,348,4,380,online,cancelled,2026-09-01 15:00:00,2026-08-31 15:00:00,Emergency,1000,refunded;;;;;;;;;
172,226,6,376,online,confirmed,2026-09-01 11:00:00,2026-08-18 11:00:00,,1000,paid;;;;;;;;;
173,89,11,2296,online,completed,2026-09-08 13:00:00,2026-08-26 13:00:00,,1000,paid;;;;;;;;;
174,22,11,3030,offline,completed,2026-08-31 11:00:00,2026-08-21 11:00:00,,600,paid;;;;;;;;;
175,255,18,2642,online,cancelled,2026-09-08 08:00:00,2026-09-06 08:00:00,Emergency,1200,unpaid;;;;;;;;;
176,179,37,2993,offline,completed,2026-09-07 11:00:00,2026-08-26 11:00:00,,400,paid;;;;;;;;;
177,239,35,2977,offline,pending,2026-09-24 15:00:00,2026-09-19 15:00:00,,900,unpaid;;;;;;;;;
178,382,21,894,offline,completed,2026-08-23 14:00:00,2026-08-17 14:00:00,,1200,paid;;;;;;;;;
179,169,27,2607,offline,completed,2026-09-08 13:00:00,2026-09-05 13:00:00,,600,paid;;;;;;;;;
180,291,20,1550,offline,completed,2026-10-01 10:00:00,2026-09-28 10:00:00,,450,paid;;;;;;;;;
181,63,30,184,offline,confirmed,2026-09-19 10:00:00,2026-09-16 10:00:00,,700,paid;;;;;;;;;
182,48,29,1036,online,confirmed,2026-08-21 16:00:00,2026-08-15 16:00:00,,600,paid;;;;;;;;;
183,118,38,1098,online,completed,2026-09-27 18:00:00,2026-09-26 18:00:00,,700,paid;;;;;;;;;
184,252,20,2158,online,pending,2026-09-14 14:00:00,2026-09-06 14:00:00,,400,pending;;;;;;;;;
185,214,8,3304,offline,no_show,2026-08-28 13:00:00,2026-08-23 13:00:00,,600,pending;;;;;;;;;
186,58,10,2762,online,confirmed,2026-08-21 15:00:00,2026-08-09 15:00:00,,500,paid;;;;;;;;;
187,317,33,1820,online,completed,2026-09-11 16:00:00,2026-08-30 16:00:00,,700,paid;;;;;;;;;
188,186,31,1067,offline,pending,2026-10-01 18:00:00,2026-09-18 18:00:00,,700,refunded;;;;;;;;;
189,41,33,126,online,completed,2026-09-11 08:00:00,2026-09-03 08:00:00,,800,paid;;;;;;;;;
190,144,19,1585,online,completed,2026-09-06 15:00:00,2026-09-02 15:00:00,,900,paid;;;;;;;;;
191,155,16,3681,offline,completed,2026-08-21 18:00:00,2026-08-18 18:00:00,,350,paid;;;;;;;;;
192,86,15,1963,online,completed,2026-09-14 09:00:00,2026-09-02 09:00:00,,800,paid;;;;;;;;;
193,88,11,853,offline,completed,2026-08-21 12:00:00,2026-08-14 12:00:00,,450,paid;;;;;;;;;
194,151,33,1529,online,confirmed,2026-09-25 16:00:00,2026-09-23 16:00:00,,350,paid;;;;;;;;;
195,345,12,2112,online,completed,2026-09-28 15:00:00,2026-09-26 15:00:00,,800,paid;;;;;;;;;
196,236,14,701,online,pending,2026-09-15 10:00:00,2026-09-05 10:00:00,,800,unpaid;;;;;;;;;
197,16,36,1187,offline,completed,2026-10-01 11:00:00,2026-09-19 11:00:00,,500,paid;;;;;;;;;
198,217,17,1535,online,completed,2026-09-30 12:00:00,2026-09-26 12:00:00,,1200,paid;;;;;;;;;
199,74,3,1692,online,pending,2026-09-18 08:00:00,2026-09-10 08:00:00,,350,unpaid;;;;;;;;;
200,247,40,3822,online,completed,2026-09-11 13:00:00,2026-09-09 13:00:00,,350,paid;;;;;;;;;
201,210,30,2803,online,completed,2026-08-20 11:00:00,2026-08-19 11:00:00,,500,paid;;;;;;;;;
202,307,29,3364,online,completed,2026-08-26 15:00:00,2026-08-20 15:00:00,,300,paid;;;;;;;;;
203,341,17,1558,online,completed,2026-09-25 10:00:00,2026-09-24 10:00:00,,350,paid;;;;;;;;;
204,359,18,1118,online,completed,2026-08-24 09:00:00,2026-08-11 09:00:00,,900,paid;;;;;;;;;
205,34,34,2638,online,cancelled,2026-09-05 11:00:00,2026-08-27 11:00:00,Rescheduled,800,unpaid;;;;;;;;;
206,317,2,3882,offline,confirmed,2026-09-16 12:00:00,2026-09-11 12:00:00,,400,paid;;;;;;;;;
207,129,29,949,offline,completed,2026-09-06 15:00:00,2026-09-03 15:00:00,,500,paid;;;;;;;;;
208,351,25,2535,offline,confirmed,2026-09-17 10:00:00,2026-09-04 10:00:00,,900,paid;;;;;;;;;
209,293,11,2632,online,no_show,2026-09-08 09:00:00,2026-08-26 09:00:00,,500,pending;;;;;;;;;
210,348,24,3199,offline,completed,2026-08-18 09:00:00,2026-08-11 09:00:00,,900,paid;;;;;;;;;
211,367,24,3375,offline,no_show,2026-09-06 11:00:00,2026-08-29 11:00:00,,300,pending;;;;;;;;;
212,132,2,2713,online,completed,2026-09-30 18:00:00,2026-09-18 18:00:00,,800,paid;;;;;;;;;
213,185,13,2541,online,completed,2026-08-17 11:00:00,2026-08-03 11:00:00,,450,paid;;;;;;;;;
214,328,28,404,online,completed,2026-09-07 14:00:00,2026-08-24 14:00:00,,1200,paid;;;;;;;;;
215,318,29,362,offline,cancelled,2026-09-11 12:00:00,2026-09-06 12:00:00,Rescheduled,300,refunded;;;;;;;;;
216,214,39,241,online,completed,2026-09-23 09:00:00,2026-09-14 09:00:00,,1200,paid;;;;;;;;;
217,235,18,570,online,completed,2026-09-26 08:00:00,2026-09-15 08:00:00,,450,paid;;;;;;;;;
218,69,38,2515,offline,confirmed,2026-09-15 16:00:00,2026-09-13 16:00:00,,1000,paid;;;;;;;;;
219,156,6,276,online,confirmed,2026-09-04 14:00:00,2026-09-01 14:00:00,,600,paid;;;;;;;;;
220,324,13,3455,offline,completed,2026-09-12 10:00:00,2026-08-30 10:00:00,,900,paid;;;;;;;;;
221,334,32,1382,offline,completed,2026-08-17 10:00:00,2026-08-03 10:00:00,,300,paid;;;;;;;;;
222,251,18,1901,online,completed,2026-09-29 08:00:00,2026-09-27 08:00:00,,600,paid;;;;;;;;;
223,206,5,864,online,confirmed,2026-09-29 18:00:00,2026-09-21 18:00:00,,300,paid;;;;;;;;;
224,34,40,1743,offline,pending,2026-08-23 18:00:00,2026-08-14 18:00:00,,450,unpaid;;;;;;;;;
225,81,36,3697,offline,pending,2026-08-30 08:00:00,2026-08-16 08:00:00,,1200,refunded;;;;;;;;;
226,90,2,2220,offline,confirmed,2026-09-18 14:00:00,2026-09-07 14:00:00,,500,paid;;;;;;;;;
227,355,21,2129,online,no_show,2026-08-21 16:00:00,2026-08-17 16:00:00,,600,unpaid;;;;;;;;;
228,323,38,3444,online,completed,2026-09-06 18:00:00,2026-09-03 18:00:00,,400,paid;;;;;;;;;
229,175,20,1164,online,completed,2026-08-30 13:00:00,2026-08-16 13:00:00,,300,paid;;;;;;;;;
230,103,33,1544,offline,completed,2026-09-14 11:00:00,2026-08-31 11:00:00,,700,paid;;;;;;;;;
231,83,35,874,offline,pending,2026-09-05 17:00:00,2026-08-30 17:00:00,,700,pending;;;;;;;;;
232,260,33,1800,online,completed,2026-08-30 15:00:00,2026-08-21 15:00:00,,400,paid;;;;;;;;;
233,145,27,49,offline,completed,2026-09-13 16:00:00,2026-09-08 16:00:00,,1000,paid;;;;;;;;;
234,155,24,513,online,confirmed,2026-09-13 10:00:00,2026-09-07 10:00:00,,500,paid;;;;;;;;;
235,16,26,2462,offline,confirmed,2026-09-29 17:00:00,2026-09-19 17:00:00,,1000,paid;;;;;;;;;
236,127,29,3720,online,completed,2026-09-19 14:00:00,2026-09-13 14:00:00,,1200,paid;;;;;;;;;
237,49,18,2696,online,pending,2026-09-10 12:00:00,2026-09-01 12:00:00,,800,unpaid;;;;;;;;;
238,293,25,3196,online,confirmed,2026-09-29 08:00:00,2026-09-15 08:00:00,,700,paid;;;;;;;;;
239,3,31,2520,offline,completed,2026-09-20 09:00:00,2026-09-14 09:00:00,,800,paid;;;;;;;;;
240,308,16,1949,online,completed,2026-09-06 14:00:00,2026-08-25 14:00:00,,400,paid;;;;;;;;;
241,69,16,1971,online,confirmed,2026-08-23 10:00:00,2026-08-12 10:00:00,,1200,paid;;;;;;;;;
242,187,36,3916,offline,completed,2026-09-22 12:00:00,2026-09-12 12:00:00,,1200,paid;;;;;;;;;
243,12,7,3213,offline,completed,2026-09-27 11:00:00,2026-09-23 11:00:00,,350,paid;;;;;;;;;
244,65,40,483,online,cancelled,2026-09-09 14:00:00,2026-09-08 14:00:00,Emergency,1200,pending;;;;;;;;;
245,122,8,1374,offline,completed,2026-09-29 18:00:00,2026-09-25 18:00:00,,900,paid;;;;;;;;;
246,105,32,69,online,completed,2026-08-21 11:00:00,2026-08-10 11:00:00,,450,paid;;;;;;;;;
247,303,13,3182,online,confirmed,2026-08-21 10:00:00,2026-08-13 10:00:00,,400,paid;;;;;;;;;
248,7,14,278,offline,completed,2026-08-24 11:00:00,2026-08-13 11:00:00,,350,paid;;;;;;;;;
249,391,26,11,offline,completed,2026-08-27 16:00:00,2026-08-17 16:00:00,,350,paid;;;;;;;;;
250,360,26,652,online,completed,2026-08-26 09:00:00,2026-08-13 09:00:00,,900,paid;;;;;;;;;
251,187,40,1263,online,completed,2026-09-07 12:00:00,2026-08-24 12:00:00,,300,paid;;;;;;;;;
252,392,4,3839,online,confirmed,2026-08-21 10:00:00,2026-08-17 10:00:00,,400,paid;;;;;;;;;
253,370,26,654,offline,completed,2026-09-19 18:00:00,2026-09-08 18:00:00,,500,paid;;;;;;;;;
254,196,14,3370,offline,completed,2026-10-01 11:00:00,2026-09-23 11:00:00,,600,paid;;;;;;;;;
255,195,23,1553,online,completed,2026-08-17 12:00:00,2026-08-15 12:00:00,,1200,paid;;;;;;;;;
256,357,30,3457,online,completed,2026-08-17 08:00:00,2026-08-15 08:00:00,,350,paid;;;;;;;;;
257,326,7,2836,offline,completed,2026-09-17 11:00:00,2026-09-08 11:00:00,,350,paid;;;;;;;;;
258,340,34,1538,online,confirmed,2026-09-30 11:00:00,2026-09-27 11:00:00,,400,paid;;;;;;;;;
259,322,19,1562,offline,pending,2026-10-01 14:00:00,2026-09-25 14:00:00,,450,refunded;;;;;;;;;
260,52,16,3647,offline,completed,2026-09-12 14:00:00,2026-09-09 14:00:00,,500,paid;;;;;;;;;
261,58,17,50,offline,completed,2026-09-20 17:00:00,2026-09-14 17:00:00,,350,paid;;;;;;;;;
262,355,35,1571,online,completed,2026-08-19 14:00:00,2026-08-15 14:00:00,,500,paid;;;;;;;;;
263,256,5,3031,offline,no_show,2026-10-01 13:00:00,2026-09-29 13:00:00,,500,pending;;;;;;;;;
264,16,17,2526,online,completed,2026-08-23 11:00:00,2026-08-09 11:00:00,,1200,paid;;;;;;;;;
265,260,25,2973,online,completed,2026-08-20 17:00:00,2026-08-17 17:00:00,,800,paid;;;;;;;;;
266,50,4,3033,offline,confirmed,2026-09-25 14:00:00,2026-09-14 14:00:00,,350,paid;;;;;;;;;
267,228,29,879,offline,confirmed,2026-09-17 14:00:00,2026-09-04 14:00:00,,700,paid;;;;;;;;;
268,234,37,2563,online,completed,2026-09-02 13:00:00,2026-08-31 13:00:00,,500,paid;;;;;;;;;
269,107,9,939,online,confirmed,2026-09-20 13:00:00,2026-09-18 13:00:00,,300,paid;;;;;;;;;
270,95,12,1699,offline,completed,2026-09-24 16:00:00,2026-09-23 16:00:00,,1200,paid;;;;;;;;;
271,115,3,1050,offline,completed,2026-08-17 16:00:00,2026-08-05 16:00:00,,600,paid;;;;;;;;;
272,188,29,2817,online,completed,2026-08-31 13:00:00,2026-08-28 13:00:00,,350,paid;;;;;;;;;
273,67,31,1027,online,pending,2026-08-22 10:00:00,2026-08-18 10:00:00,,800,refunded;;;;;;;;;
274,392,24,3558,online,confirmed,2026-09-03 17:00:00,2026-08-29 17:00:00,,400,paid;;;;;;;;;
275,217,31,622,offline,pending,2026-09-14 13:00:00,2026-09-07 13:00:00,,600,pending;;;;;;;;;
276,244,29,348,offline,completed,2026-09-04 14:00:00,2026-09-01 14:00:00,,700,paid;;;;;;;;;
277,81,3,1460,offline,completed,2026-09-25 15:00:00,2026-09-11 15:00:00,,800,paid;;;;;;;;;
278,70,2,533,online,confirmed,2026-09-30 17:00:00,2026-09-22 17:00:00,,700,paid;;;;;;;;;
279,388,29,3411,offline,completed,2026-09-09 12:00:00,2026-08-29 12:00:00,,1200,paid;;;;;;;;;
280,392,34,3708,online,pending,2026-09-12 13:00:00,2026-09-10 13:00:00,,1200,pending;;;;;;;;;
281,351,40,59,offline,cancelled,2026-09-25 14:00:00,2026-09-22 14:00:00,Rescheduled,1200,pending;;;;;;;;;
282,35,40,1456,offline,completed,2026-09-29 15:00:00,2026-09-15 15:00:00,,1200,paid;;;;;;;;;
283,97,37,1189,offline,completed,2026-08-27 12:00:00,2026-08-13 12:00:00,,1200,paid;;;;;;;;;
284,166,11,488,online,pending,2026-08-22 17:00:00,2026-08-14 17:00:00,,700,pending;;;;;;;;;
285,27,27,3828,online,completed,2026-09-21 15:00:00,2026-09-15 15:00:00,,400,paid;;;;;;;;;
286,299,21,2045,offline,completed,2026-09-16 10:00:00,2026-09-04 10:00:00,,1000,paid;;;;;;;;;
287,364,38,890,online,completed,2026-09-13 13:00:00,2026-09-11 13:00:00,,700,paid;;;;;;;;;
288,373,12,170,online,completed,2026-08-23 16:00:00,2026-08-11 16:00:00,,900,paid;;;;;;;;;
289,184,26,2739,offline,confirmed,2026-08-25 13:00:00,2026-08-14 13:00:00,,600,paid;;;;;;;;;
290,192,34,3855,online,cancelled,2026-09-02 13:00:00,2026-08-23 13:00:00,Emergency,600,refunded;;;;;;;;;
291,61,19,2745,online,completed,2026-09-22 17:00:00,2026-09-09 17:00:00,,1200,paid;;;;;;;;;
292,181,19,1485,online,no_show,2026-09-26 14:00:00,2026-09-13 14:00:00,,300,refunded;;;;;;;;;
293,93,25,3986,online,pending,2026-08-17 18:00:00,2026-08-04 18:00:00,,700,unpaid;;;;;;;;;
294,289,6,1236,offline,pending,2026-09-06 09:00:00,2026-08-31 09:00:00,,600,pending;;;;;;;;;
295,304,4,1897,online,completed,2026-08-28 14:00:00,2026-08-20 14:00:00,,450,paid;;;;;;;;;
296,182,21,1431,offline,completed,2026-09-26 10:00:00,2026-09-25 10:00:00,,400,paid;;;;;;;;;
297,237,24,2883,offline,completed,2026-09-29 12:00:00,2026-09-21 12:00:00,,1000,paid;;;;;;;;;
298,214,25,1271,online,completed,2026-08-30 12:00:00,2026-08-22 12:00:00,,350,paid;;;;;;;;;
299,361,24,3208,offline,confirmed,2026-09-30 14:00:00,2026-09-24 14:00:00,,350,paid;;;;;;;;;
300,276,4,1910,offline,completed,2026-09-05 10:00:00,2026-08-25 10:00:00,,300,paid;;;;;;;;;
301,139,33,3923,online,no_show,2026-09-09 15:00:00,2026-08-26 15:00:00,,600,pending;;;;;;;;;
302,169,19,1427,online,completed,2026-08-17 11:00:00,2026-08-06 11:00:00,,1000,paid;;;;;;;;;
303,300,31,3984,offline,confirmed,2026-08-22 08:00:00,2026-08-15 08:00:00,,900,paid;;;;;;;;;
304,179,7,3495,online,confirmed,2026-09-23 11:00:00,2026-09-17 11:00:00,,900,paid;;;;;;;;;
305,194,8,876,online,confirmed,2026-09-29 09:00:00,2026-09-17 09:00:00,,800,paid;;;;;;;;;
306,187,32,2667,online,completed,2026-08-29 09:00:00,2026-08-25 09:00:00,,1000,paid;;;;;;;;;
307,318,35,3958,offline,completed,2026-08-26 09:00:00,2026-08-12 09:00:00,,300,paid;;;;;;;;;
308,335,40,3130,online,confirmed,2026-08-31 12:00:00,2026-08-21 12:00:00,,350,paid;;;;;;;;;
309,193,5,1968,online,cancelled,2026-08-21 11:00:00,2026-08-15 11:00:00,Emergency,1000,unpaid;;;;;;;;;
310,93,29,3227,offline,confirmed,2026-09-07 13:00:00,2026-08-27 13:00:00,,900,paid;;;;;;;;;
311,222,32,1519,online,completed,2026-09-21 08:00:00,2026-09-09 08:00:00,,500,paid;;;;;;;;;
312,287,40,284,online,pending,2026-08-31 08:00:00,2026-08-26 08:00:00,,800,pending;;;;;;;;;
313,228,8,1117,offline,completed,2026-09-25 12:00:00,2026-09-23 12:00:00,,500,paid;;;;;;;;;
314,33,17,456,online,completed,2026-09-15 11:00:00,2026-09-11 11:00:00,,700,paid;;;;;;;;;
315,339,26,1401,offline,cancelled,2026-09-10 18:00:00,2026-09-02 18:00:00,Doctor unavailable,700,pending;;;;;;;;;
316,335,20,1733,online,completed,2026-09-25 15:00:00,2026-09-17 15:00:00,,300,paid;;;;;;;;;
317,217,40,2389,online,completed,2026-08-23 13:00:00,2026-08-11 13:00:00,,900,paid;;;;;;;;;
318,164,29,1212,offline,completed,2026-08-23 17:00:00,2026-08-18 17:00:00,,300,paid;;;;;;;;;
319,94,21,2740,online,completed,2026-08-23 15:00:00,2026-08-11 15:00:00,,450,paid;;;;;;;;;
320,18,14,1052,offline,completed,2026-09-22 17:00:00,2026-09-17 17:00:00,,1000,paid;;;;;;;;;
321,47,26,923,offline,completed,2026-09-18 09:00:00,2026-09-06 09:00:00,,500,paid;;;;;;;;;
322,161,35,1580,online,completed,2026-08-25 15:00:00,2026-08-23 15:00:00,,1000,paid;;;;;;;;;
323,58,19,524,offline,completed,2026-09-22 18:00:00,2026-09-08 18:00:00,,400,paid;;;;;;;;;
324,34,6,3617,offline,confirmed,2026-08-28 12:00:00,2026-08-14 12:00:00,,600,paid;;;;;;;;;
325,87,36,3594,online,completed,2026-09-08 13:00:00,2026-08-31 13:00:00,,400,paid;;;;;;;;;
326,200,19,2442,online,completed,2026-08-27 10:00:00,2026-08-25 10:00:00,,450,paid;;;;;;;;;
327,385,29,1019,online,completed,2026-09-08 17:00:00,2026-08-28 17:00:00,,500,paid;;;;;;;;;
328,362,5,1656,offline,confirmed,2026-08-31 09:00:00,2026-08-23 09:00:00,,300,paid;;;;;;;;;
329,383,36,613,offline,confirmed,2026-09-07 09:00:00,2026-08-25 09:00:00,,600,paid;;;;;;;;;
330,12,3,1486,offline,pending,2026-09-01 10:00:00,2026-08-21 10:00:00,,800,unpaid;;;;;;;;;
331,96,15,180,online,completed,2026-09-21 11:00:00,2026-09-08 11:00:00,,900,paid;;;;;;;;;
332,242,7,2960,online,pending,2026-09-09 18:00:00,2026-09-02 18:00:00,,350,refunded;;;;;;;;;
333,362,15,3107,offline,completed,2026-08-22 15:00:00,2026-08-10 15:00:00,,400,paid;;;;;;;;;
334,73,16,2193,online,completed,2026-09-19 14:00:00,2026-09-07 14:00:00,,900,paid;;;;;;;;;
335,287,38,102,offline,completed,2026-09-22 10:00:00,2026-09-21 10:00:00,,600,paid;;;;;;;;;
336,175,37,2263,offline,completed,2026-08-23 15:00:00,2026-08-20 15:00:00,,800,paid;;;;;;;;;
337,242,4,2208,offline,confirmed,2026-08-26 11:00:00,2026-08-19 11:00:00,,350,paid;;;;;;;;;
338,242,33,56,online,completed,2026-08-29 12:00:00,2026-08-27 12:00:00,,600,paid;;;;;;;;;
339,364,22,3876,online,completed,2026-10-01 11:00:00,2026-09-24 11:00:00,,400,paid;;;;;;;;;
340,355,26,3450,offline,completed,2026-09-21 18:00:00,2026-09-14 18:00:00,,300,paid;;;;;;;;;
341,244,36,1221,online,completed,2026-09-02 15:00:00,2026-08-30 15:00:00,,900,paid;;;;;;;;;
342,95,11,3884,online,confirmed,2026-09-17 09:00:00,2026-09-11 09:00:00,,700,paid;;;;;;;;;
343,17,9,2536,online,confirmed,2026-09-02 14:00:00,2026-08-19 14:00:00,,400,paid;;;;;;;;;
344,114,39,2250,offline,completed,2026-08-22 18:00:00,2026-08-08 18:00:00,,450,paid;;;;;;;;;
345,147,23,3374,offline,completed,2026-08-28 15:00:00,2026-08-26 15:00:00,,700,paid;;;;;;;;;
346,94,18,15,offline,completed,2026-09-27 09:00:00,2026-09-25 09:00:00,,800,paid;;;;;;;;;
347,33,5,3867,online,pending,2026-08-27 09:00:00,2026-08-16 09:00:00,,600,refunded;;;;;;;;;
348,136,4,3834,online,completed,2026-08-17 11:00:00,2026-08-08 11:00:00,,900,paid;;;;;;;;;
349,51,21,2156,online,completed,2026-09-02 13:00:00,2026-08-31 13:00:00,,400,paid;;;;;;;;;
350,344,16,2975,offline,completed,2026-09-15 18:00:00,2026-09-03 18:00:00,,800,paid;;;;;;;;;
351,16,8,3655,offline,confirmed,2026-09-11 18:00:00,2026-09-03 18:00:00,,1200,paid;;;;;;;;;
352,44,38,2012,offline,completed,2026-09-15 11:00:00,2026-09-05 11:00:00,,400,paid;;;;;;;;;
353,182,21,3752,online,confirmed,2026-09-22 12:00:00,2026-09-20 12:00:00,,400,paid;;;;;;;;;
354,117,9,2939,offline,completed,2026-09-11 14:00:00,2026-09-02 14:00:00,,400,paid;;;;;;;;;
355,342,5,351,online,completed,2026-09-25 10:00:00,2026-09-15 10:00:00,,350,paid;;;;;;;;;
356,89,18,1586,offline,completed,2026-09-05 13:00:00,2026-08-30 13:00:00,,450,paid;;;;;;;;;
357,45,39,1893,offline,cancelled,2026-09-29 09:00:00,2026-09-26 09:00:00,Emergency,800,pending;;;;;;;;;
358,124,24,1713,offline,confirmed,2026-08-21 14:00:00,2026-08-14 14:00:00,,450,paid;;;;;;;;;
359,64,20,791,offline,completed,2026-09-25 14:00:00,2026-09-14 14:00:00,,700,paid;;;;;;;;;
360,24,40,1873,online,pending,2026-09-12 18:00:00,2026-09-08 18:00:00,,700,unpaid;;;;;;;;;
361,346,29,928,online,confirmed,2026-09-18 09:00:00,2026-09-11 09:00:00,,700,paid;;;;;;;;;
362,167,20,3895,online,no_show,2026-09-30 10:00:00,2026-09-19 10:00:00,,400,pending;;;;;;;;;
363,12,5,966,online,confirmed,2026-09-17 17:00:00,2026-09-10 17:00:00,,500,paid;;;;;;;;;
364,159,19,1299,offline,pending,2026-09-29 15:00:00,2026-09-22 15:00:00,,350,unpaid;;;;;;;;;
365,333,11,274,online,pending,2026-09-13 14:00:00,2026-09-06 14:00:00,,1200,refunded;;;;;;;;;
366,221,32,3168,online,completed,2026-09-21 14:00:00,2026-09-09 14:00:00,,700,paid;;;;;;;;;
367,191,21,3256,online,completed,2026-08-30 16:00:00,2026-08-20 16:00:00,,350,paid;;;;;;;;;
368,324,35,2474,online,completed,2026-08-30 17:00:00,2026-08-27 17:00:00,,400,paid;;;;;;;;;
369,56,17,1552,online,pending,2026-09-09 15:00:00,2026-09-02 15:00:00,,400,pending;;;;;;;;;
370,76,38,903,offline,completed,2026-09-24 15:00:00,2026-09-21 15:00:00,,1200,paid;;;;;;;;;
371,130,27,335,online,confirmed,2026-09-29 11:00:00,2026-09-16 11:00:00,,600,paid;;;;;;;;;
372,90,12,1843,offline,cancelled,2026-09-25 17:00:00,2026-09-11 17:00:00,Emergency,400,unpaid;;;;;;;;;
373,47,1,3538,offline,completed,2026-09-01 10:00:00,2026-08-19 10:00:00,,700,paid;;;;;;;;;
374,257,38,1704,online,completed,2026-09-09 18:00:00,2026-08-27 18:00:00,,400,paid;;;;;;;;;
375,207,16,2714,online,completed,2026-09-25 09:00:00,2026-09-19 09:00:00,,700,paid;;;;;;;;;
376,213,40,950,online,cancelled,2026-08-25 09:00:00,2026-08-20 09:00:00,Emergency,500,refunded;;;;;;;;;
377,58,23,3322,offline,pending,2026-09-05 10:00:00,2026-08-31 10:00:00,,1000,unpaid;;;;;;;;;
378,161,15,592,online,pending,2026-09-10 10:00:00,2026-08-28 10:00:00,,500,refunded;;;;;;;;;
379,342,22,267,offline,completed,2026-09-25 18:00:00,2026-09-14 18:00:00,,350,paid;;;;;;;;;
380,161,39,3771,online,completed,2026-08-29 17:00:00,2026-08-17 17:00:00,,350,paid;;;;;;;;;
381,87,36,3899,offline,cancelled,2026-09-15 08:00:00,2026-09-04 08:00:00,Doctor unavailable,300,unpaid;;;;;;;;;
382,83,1,1279,online,confirmed,2026-09-10 10:00:00,2026-08-30 10:00:00,,300,paid;;;;;;;;;
383,207,32,813,online,completed,2026-08-30 10:00:00,2026-08-20 10:00:00,,800,paid;;;;;;;;;
384,319,36,2221,online,completed,2026-09-27 16:00:00,2026-09-25 16:00:00,,300,paid;;;;;;;;;
385,264,23,777,offline,pending,2026-09-23 14:00:00,2026-09-11 14:00:00,,450,unpaid;;;;;;;;;
386,292,33,1742,online,completed,2026-09-28 17:00:00,2026-09-19 17:00:00,,350,paid;;;;;;;;;
387,206,29,383,offline,confirmed,2026-08-25 18:00:00,2026-08-12 18:00:00,,1000,paid;;;;;;;;;
388,127,18,1730,online,completed,2026-09-17 12:00:00,2026-09-16 12:00:00,,900,paid;;;;;;;;;
389,150,23,2691,online,confirmed,2026-09-07 11:00:00,2026-08-31 11:00:00,,800,paid;;;;;;;;;
390,116,15,3583,online,no_show,2026-09-29 10:00:00,2026-09-18 10:00:00,,700,unpaid;;;;;;;;;
391,353,36,3193,offline,confirmed,2026-08-30 18:00:00,2026-08-23 18:00:00,,600,paid;;;;;;;;;
392,46,38,1565,online,no_show,2026-09-13 10:00:00,2026-09-10 10:00:00,,600,unpaid;;;;;;;;;
393,391,29,999,online,completed,2026-09-11 17:00:00,2026-09-04 17:00:00,,900,paid;;;;;;;;;
394,25,12,3421,offline,cancelled,2026-09-02 09:00:00,2026-08-27 09:00:00,Rescheduled,800,refunded;;;;;;;;;
395,183,24,2801,offline,no_show,2026-09-02 17:00:00,2026-08-27 17:00:00,,300,unpaid;;;;;;;;;
396,253,4,1940,online,confirmed,2026-08-25 16:00:00,2026-08-16 16:00:00,,400,paid;;;;;;;;;
397,352,25,3459,online,cancelled,2026-09-04 12:00:00,2026-08-28 12:00:00,Doctor unavailable,300,refunded;;;;;;;;;
398,60,5,1222,online,completed,2026-09-24 11:00:00,2026-09-14 11:00:00,,800,paid;;;;;;;;;
399,309,15,134,offline,completed,2026-09-12 08:00:00,2026-09-03 08:00:00,,600,paid;;;;;;;;;
400,178,12,1285,offline,completed,2026-08-28 17:00:00,2026-08-14 17:00:00,,400,paid;;;;;;;;;
401,350,1,2063,offline,confirmed,2026-08-27 17:00:00,2026-08-13 17:00:00,,800,paid;;;;;;;;;
402,58,13,1245,offline,completed,2026-09-19 16:00:00,2026-09-08 16:00:00,,1000,paid;;;;;;;;;
403,400,6,558,offline,completed,2026-08-18 09:00:00,2026-08-14 09:00:00,,500,paid;;;;;;;;;
404,16,29,837,online,cancelled,2026-09-08 18:00:00,2026-09-04 18:00:00,Emergency,350,refunded;;;;;;;;;
405,399,13,130,online,completed,2026-08-31 16:00:00,2026-08-17 16:00:00,,900,paid;;;;;;;;;
406,246,17,3345,offline,confirmed,2026-09-27 17:00:00,2026-09-20 17:00:00,,400,paid;;;;;;;;;
407,58,1,2592,online,completed,2026-08-23 09:00:00,2026-08-18 09:00:00,,350,paid;;;;;;;;;
408,371,31,3770,online,confirmed,2026-09-13 09:00:00,2026-09-09 09:00:00,,700,paid;;;;;;;;;
409,312,17,1928,offline,no_show,2026-09-18 18:00:00,2026-09-10 18:00:00,,700,unpaid;;;;;;;;;
410,246,12,1143,offline,completed,2026-08-20 08:00:00,2026-08-19 08:00:00,,1000,paid;;;;;;;;;
411,380,40,257,online,no_show,2026-09-06 16:00:00,2026-09-03 16:00:00,,450,pending;;;;;;;;;
412,159,19,3477,online,completed,2026-08-21 18:00:00,2026-08-11 18:00:00,,350,paid;;;;;;;;;
413,79,21,1652,offline,completed,2026-08-24 12:00:00,2026-08-14 12:00:00,,500,paid;;;;;;;;;
414,45,19,3238,online,completed,2026-09-23 11:00:00,2026-09-09 11:00:00,,600,paid;;;;;;;;;
415,195,35,1604,online,confirmed,2026-09-09 17:00:00,2026-08-27 17:00:00,,1200,paid;;;;;;;;;
416,362,32,1316,online,confirmed,2026-10-01 11:00:00,2026-09-30 11:00:00,,900,paid;;;;;;;;;
417,49,35,1918,online,confirmed,2026-09-11 12:00:00,2026-09-04 12:00:00,,900,paid;;;;;;;;;
418,317,34,2945,online,cancelled,2026-09-06 15:00:00,2026-08-28 15:00:00,Emergency,700,refunded;;;;;;;;;
419,267,26,3188,online,cancelled,2026-09-10 18:00:00,2026-09-09 18:00:00,Emergency,350,unpaid;;;;;;;;;
420,392,35,3500,offline,completed,2026-08-24 08:00:00,2026-08-17 08:00:00,,1200,paid;;;;;;;;;
421,125,12,3871,online,confirmed,2026-09-08 12:00:00,2026-09-05 12:00:00,,600,paid;;;;;;;;;
422,382,17,3954,online,confirmed,2026-08-28 14:00:00,2026-08-24 14:00:00,,1200,paid;;;;;;;;;
423,93,40,2785,offline,completed,2026-09-01 14:00:00,2026-08-30 14:00:00,,450,paid;;;;;;;;;
424,140,26,1575,online,cancelled,2026-08-19 12:00:00,2026-08-08 12:00:00,Patient request,450,pending;;;;;;;;;
425,205,40,3086,offline,pending,2026-08-29 11:00:00,2026-08-25 11:00:00,,600,pending;;;;;;;;;
426,146,8,2782,offline,completed,2026-09-14 09:00:00,2026-09-01 09:00:00,,800,paid;;;;;;;;;
427,389,2,2244,online,cancelled,2026-09-07 17:00:00,2026-09-04 17:00:00,Patient request,400,pending;;;;;;;;;
428,302,4,1415,offline,confirmed,2026-08-22 09:00:00,2026-08-13 09:00:00,,300,paid;;;;;;;;;
429,127,28,415,offline,pending,2026-08-19 16:00:00,2026-08-10 16:00:00,,350,refunded;;;;;;;;;
430,167,32,2981,online,completed,2026-09-04 15:00:00,2026-08-30 15:00:00,,1000,paid;;;;;;;;;
431,64,31,3142,offline,confirmed,2026-08-24 17:00:00,2026-08-14 17:00:00,,1000,paid;;;;;;;;;
432,173,18,1309,offline,completed,2026-09-24 12:00:00,2026-09-16 12:00:00,,350,paid;;;;;;;;;
433,131,25,3310,online,confirmed,2026-09-18 14:00:00,2026-09-16 14:00:00,,500,paid;;;;;;;;;
434,295,37,972,online,confirmed,2026-09-26 11:00:00,2026-09-23 11:00:00,,900,paid;;;;;;;;;
435,305,6,3619,online,completed,2026-09-07 17:00:00,2026-08-28 17:00:00,,700,paid;;;;;;;;;
436,208,13,2340,offline,completed,2026-09-18 15:00:00,2026-09-09 15:00:00,,1200,paid;;;;;;;;;
437,112,26,3119,online,completed,2026-09-03 13:00:00,2026-08-26 13:00:00,,600,paid;;;;;;;;;
438,158,19,3663,online,cancelled,2026-09-29 15:00:00,2026-09-17 15:00:00,Emergency,1000,unpaid;;;;;;;;;
439,260,25,3757,offline,completed,2026-09-16 18:00:00,2026-09-10 18:00:00,,1000,paid;;;;;;;;;
440,383,39,2643,offline,cancelled,2026-08-28 10:00:00,2026-08-16 10:00:00,Doctor unavailable,1200,unpaid;;;;;;;;;
441,67,11,3074,online,completed,2026-09-15 10:00:00,2026-09-10 10:00:00,,700,paid;;;;;;;;;
442,342,3,3345,offline,completed,2026-09-20 15:00:00,2026-09-11 15:00:00,,400,paid;;;;;;;;;
443,262,24,414,offline,completed,2026-08-25 11:00:00,2026-08-16 11:00:00,,400,paid;;;;;;;;;
444,301,16,1989,online,confirmed,2026-08-27 15:00:00,2026-08-18 15:00:00,,350,paid;;;;;;;;;
445,302,5,3081,offline,completed,2026-09-02 11:00:00,2026-08-29 11:00:00,,700,paid;;;;;;;;;
446,395,22,498,online,completed,2026-09-04 16:00:00,2026-08-23 16:00:00,,1200,paid;;;;;;;;;
447,298,8,3949,offline,completed,2026-08-29 09:00:00,2026-08-18 09:00:00,,1200,paid;;;;;;;;;
448,123,18,1953,online,confirmed,2026-08-27 13:00:00,2026-08-14 13:00:00,,800,paid;;;;;;;;;
449,370,37,2584,offline,completed,2026-09-12 16:00:00,2026-09-06 16:00:00,,1000,paid;;;;;;;;;
450,111,18,616,offline,pending,2026-09-26 08:00:00,2026-09-25 08:00:00,,700,pending;;;;;;;;;
451,174,3,1665,offline,pending,2026-09-19 17:00:00,2026-09-12 17:00:00,,450,unpaid;;;;;;;;;
452,125,16,3857,online,completed,2026-09-14 13:00:00,2026-09-13 13:00:00,,450,paid;;;;;;;;;
453,371,22,3634,offline,completed,2026-08-20 16:00:00,2026-08-16 16:00:00,,1200,paid;;;;;;;;;
454,206,34,3069,offline,completed,2026-09-11 13:00:00,2026-09-08 13:00:00,,1000,paid;;;;;;;;;
455,310,24,1698,online,completed,2026-08-25 18:00:00,2026-08-19 18:00:00,,400,paid;;;;;;;;;
456,94,31,344,offline,completed,2026-08-27 09:00:00,2026-08-24 09:00:00,,1200,paid;;;;;;;;;
457,166,36,1428,online,confirmed,2026-09-02 11:00:00,2026-08-25 11:00:00,,400,paid;;;;;;;;;
458,8,21,455,offline,cancelled,2026-08-22 10:00:00,2026-08-20 10:00:00,Doctor unavailable,300,refunded;;;;;;;;;
459,177,39,3362,online,completed,2026-09-19 10:00:00,2026-09-05 10:00:00,,1200,paid;;;;;;;;;
460,344,2,397,offline,cancelled,2026-09-30 14:00:00,2026-09-17 14:00:00,Doctor unavailable,600,refunded;;;;;;;;;
461,387,29,488,online,no_show,2026-08-28 13:00:00,2026-08-25 13:00:00,,500,refunded;;;;;;;;;
462,335,32,2611,offline,cancelled,2026-09-28 11:00:00,2026-09-23 11:00:00,Rescheduled,300,refunded;;;;;;;;;
463,101,12,2734,offline,confirmed,2026-08-31 14:00:00,2026-08-26 14:00:00,,1000,paid;;;;;;;;;
464,246,8,1417,online,confirmed,2026-09-23 18:00:00,2026-09-09 18:00:00,,300,paid;;;;;;;;;
465,102,8,3652,online,cancelled,2026-09-29 08:00:00,2026-09-26 08:00:00,Patient request,350,refunded;;;;;;;;;
466,42,14,2577,online,completed,2026-09-02 08:00:00,2026-08-28 08:00:00,,1200,paid;;;;;;;;;
467,165,24,1467,offline,completed,2026-08-21 11:00:00,2026-08-14 11:00:00,,800,paid;;;;;;;;;
468,171,15,974,online,confirmed,2026-08-23 13:00:00,2026-08-10 13:00:00,,1200,paid;;;;;;;;;
469,274,33,3064,offline,completed,2026-08-17 17:00:00,2026-08-10 17:00:00,,400,paid;;;;;;;;;
470,322,36,2611,offline,cancelled,2026-08-22 08:00:00,2026-08-12 08:00:00,Rescheduled,450,pending;;;;;;;;;
471,44,31,609,offline,completed,2026-08-18 13:00:00,2026-08-10 13:00:00,,800,paid;;;;;;;;;
472,306,34,1670,online,cancelled,2026-09-06 17:00:00,2026-08-29 17:00:00,Doctor unavailable,600,unpaid;;;;;;;;;
473,219,28,3528,offline,completed,2026-08-21 14:00:00,2026-08-17 14:00:00,,500,paid;;;;;;;;;
474,215,17,190,offline,completed,2026-09-28 15:00:00,2026-09-24 15:00:00,,300,paid;;;;;;;;;
475,9,35,123,offline,completed,2026-09-20 18:00:00,2026-09-18 18:00:00,,1200,paid;;;;;;;;;
476,303,37,1518,online,completed,2026-09-15 10:00:00,2026-09-06 10:00:00,,500,paid;;;;;;;;;
477,110,3,321,online,completed,2026-09-30 09:00:00,2026-09-16 09:00:00,,400,paid;;;;;;;;;
478,144,19,2469,offline,completed,2026-08-28 16:00:00,2026-08-27 16:00:00,,450,paid;;;;;;;;;
479,333,36,3502,offline,pending,2026-09-26 08:00:00,2026-09-18 08:00:00,,1200,refunded;;;;;;;;;
480,125,16,877,online,confirmed,2026-09-08 12:00:00,2026-08-30 12:00:00,,500,paid;;;;;;;;;
481,177,27,1474,online,confirmed,2026-08-17 13:00:00,2026-08-16 13:00:00,,1200,paid;;;;;;;;;
482,338,38,186,offline,completed,2026-08-19 13:00:00,2026-08-07 13:00:00,,500,paid;;;;;;;;;
483,105,13,1545,online,cancelled,2026-09-13 13:00:00,2026-09-04 13:00:00,Rescheduled,700,pending;;;;;;;;;
484,273,40,1654,offline,pending,2026-08-24 11:00:00,2026-08-21 11:00:00,,300,refunded;;;;;;;;;
485,204,13,2148,online,confirmed,2026-10-01 16:00:00,2026-09-23 16:00:00,,1200,paid;;;;;;;;;
486,336,37,2952,online,confirmed,2026-09-29 17:00:00,2026-09-17 17:00:00,,450,paid;;;;;;;;;
487,89,18,20,offline,pending,2026-10-01 13:00:00,2026-09-27 13:00:00,,500,refunded;;;;;;;;;
488,24,27,2477,online,completed,2026-09-28 15:00:00,2026-09-16 15:00:00,,500,paid;;;;;;;;;
489,293,29,3020,online,completed,2026-09-12 13:00:00,2026-09-02 13:00:00,,900,paid;;;;;;;;;
490,337,8,3520,offline,completed,2026-08-18 18:00:00,2026-08-17 18:00:00,,500,paid;;;;;;;;;
491,259,18,174,offline,confirmed,2026-09-02 17:00:00,2026-08-21 17:00:00,,350,paid;;;;;;;;;
492,399,14,2653,online,completed,2026-08-31 17:00:00,2026-08-30 17:00:00,,1000,paid;;;;;;;;;
493,171,26,3610,online,completed,2026-08-17 16:00:00,2026-08-09 16:00:00,,400,paid;;;;;;;;;
494,233,12,1295,offline,completed,2026-08-27 18:00:00,2026-08-23 18:00:00,,600,paid;;;;;;;;;
495,10,7,2390,offline,completed,2026-09-05 08:00:00,2026-09-03 08:00:00,,1000,paid;;;;;;;;;
496,257,23,2723,offline,completed,2026-09-25 08:00:00,2026-09-14 08:00:00,,700,paid;;;;;;;;;
497,73,2,324,offline,completed,2026-09-25 18:00:00,2026-09-18 18:00:00,,800,paid;;;;;;;;;
498,273,31,127,online,confirmed,2026-09-22 08:00:00,2026-09-11 08:00:00,,600,paid;;;;;;;;;
499,184,15,223,online,confirmed,2026-09-29 15:00:00,2026-09-18 15:00:00,,700,paid;;;;;;;;;
500,100,11,242,online,confirmed,2026-09-14 12:00:00,2026-09-10 12:00:00,,800,paid;;;;;;;;;
501,24,5,3845,online,completed,2026-09-28 18:00:00,2026-09-24 18:00:00,,500,paid;;;;;;;;;
502,275,29,2322,online,pending,2026-09-23 14:00:00,2026-09-21 14:00:00,,1000,pending;;;;;;;;;
503,302,18,3098,online,completed,2026-09-03 12:00:00,2026-08-21 12:00:00,,500,paid;;;;;;;;;
504,101,14,1340,online,completed,2026-08-25 12:00:00,2026-08-20 12:00:00,,600,paid;;;;;;;;;
505,170,28,607,online,confirmed,2026-10-01 15:00:00,2026-09-26 15:00:00,,450,paid;;;;;;;;;
506,336,37,3727,offline,completed,2026-08-24 14:00:00,2026-08-17 14:00:00,,500,paid;;;;;;;;;
507,302,14,3337,offline,confirmed,2026-09-06 10:00:00,2026-08-30 10:00:00,,350,paid;;;;;;;;;
508,29,29,3178,offline,confirmed,2026-09-27 08:00:00,2026-09-25 08:00:00,,1200,paid;;;;;;;;;
509,36,10,930,offline,completed,2026-08-27 11:00:00,2026-08-13 11:00:00,,1200,paid;;;;;;;;;
510,281,28,629,online,cancelled,2026-09-13 15:00:00,2026-09-04 15:00:00,Emergency,350,unpaid;;;;;;;;;
511,353,24,2587,online,completed,2026-08-30 15:00:00,2026-08-29 15:00:00,,450,paid;;;;;;;;;
512,308,19,3629,offline,confirmed,2026-09-17 10:00:00,2026-09-14 10:00:00,,450,paid;;;;;;;;;
513,400,12,2926,offline,completed,2026-09-06 11:00:00,2026-09-03 11:00:00,,800,paid;;;;;;;;;
514,33,23,2610,offline,no_show,2026-08-25 13:00:00,2026-08-18 13:00:00,,700,pending;;;;;;;;;
515,339,30,3882,offline,completed,2026-08-26 12:00:00,2026-08-23 12:00:00,,800,paid;;;;;;;;;
516,285,19,3143,offline,completed,2026-09-19 08:00:00,2026-09-08 08:00:00,,400,paid;;;;;;;;;
517,94,13,3442,online,completed,2026-08-24 17:00:00,2026-08-10 17:00:00,,1200,paid;;;;;;;;;
518,197,23,1417,offline,completed,2026-08-24 16:00:00,2026-08-12 16:00:00,,1000,paid;;;;;;;;;
519,155,39,1931,online,no_show,2026-08-19 12:00:00,2026-08-05 12:00:00,,1000,unpaid;;;;;;;;;
520,397,33,2742,online,confirmed,2026-09-22 14:00:00,2026-09-14 14:00:00,,600,paid;;;;;;;;;
521,155,25,315,online,completed,2026-08-20 08:00:00,2026-08-18 08:00:00,,600,paid;;;;;;;;;
522,82,5,324,online,cancelled,2026-08-28 11:00:00,2026-08-23 11:00:00,Patient request,500,pending;;;;;;;;;
523,254,39,2084,offline,cancelled,2026-09-24 17:00:00,2026-09-18 17:00:00,Patient request,1200,refunded;;;;;;;;;
524,375,34,335,offline,cancelled,2026-08-27 14:00:00,2026-08-20 14:00:00,Rescheduled,500,unpaid;;;;;;;;;
525,104,39,739,offline,completed,2026-09-09 15:00:00,2026-09-03 15:00:00,,400,paid;;;;;;;;;
526,71,27,2749,offline,completed,2026-08-22 09:00:00,2026-08-16 09:00:00,,350,paid;;;;;;;;;
527,75,7,2952,offline,confirmed,2026-09-14 18:00:00,2026-09-08 18:00:00,,300,paid;;;;;;;;;
528,197,6,3314,online,completed,2026-09-30 15:00:00,2026-09-19 15:00:00,,1000,paid;;;;;;;;;
529,248,40,3499,offline,pending,2026-09-10 08:00:00,2026-09-02 08:00:00,,500,pending;;;;;;;;;
530,124,20,1707,online,cancelled,2026-09-18 11:00:00,2026-09-11 11:00:00,Doctor unavailable,400,pending;;;;;;;;;
531,153,7,3970,offline,confirmed,2026-08-19 14:00:00,2026-08-06 14:00:00,,900,paid;;;;;;;;;
532,9,35,106,offline,completed,2026-08-19 17:00:00,2026-08-13 17:00:00,,900,paid;;;;;;;;;
533,119,30,516,offline,completed,2026-08-18 18:00:00,2026-08-10 18:00:00,,900,paid;;;;;;;;;
534,307,2,45,offline,pending,2026-09-15 16:00:00,2026-09-10 16:00:00,,600,pending;;;;;;;;;
535,271,37,948,online,completed,2026-09-08 18:00:00,2026-09-03 18:00:00,,1200,paid;;;;;;;;;
536,98,22,1765,online,completed,2026-08-29 15:00:00,2026-08-22 15:00:00,,400,paid;;;;;;;;;
537,38,39,1644,offline,completed,2026-09-11 11:00:00,2026-09-07 11:00:00,,800,paid;;;;;;;;;
538,325,21,1890,online,completed,2026-10-01 13:00:00,2026-09-20 13:00:00,,700,paid;;;;;;;;;
539,214,13,133,online,completed,2026-09-08 18:00:00,2026-09-03 18:00:00,,900,paid;;;;;;;;;
540,102,35,1100,offline,completed,2026-09-01 17:00:00,2026-08-26 17:00:00,,450,paid;;;;;;;;;
541,6,30,1062,offline,no_show,2026-09-13 18:00:00,2026-09-08 18:00:00,,1000,unpaid;;;;;;;;;
542,123,32,2553,online,confirmed,2026-09-02 10:00:00,2026-08-20 10:00:00,,1000,paid;;;;;;;;;
543,295,18,217,offline,confirmed,2026-09-02 14:00:00,2026-08-21 14:00:00,,450,paid;;;;;;;;;
544,41,31,416,online,pending,2026-09-29 12:00:00,2026-09-28 12:00:00,,500,unpaid;;;;;;;;;
545,251,14,3587,online,confirmed,2026-08-22 16:00:00,2026-08-21 16:00:00,,600,paid;;;;;;;;;
546,147,31,3682,offline,completed,2026-09-10 15:00:00,2026-09-02 15:00:00,,700,paid;;;;;;;;;
547,223,7,1902,offline,confirmed,2026-09-19 10:00:00,2026-09-18 10:00:00,,900,paid;;;;;;;;;
548,368,1,347,offline,no_show,2026-09-12 14:00:00,2026-09-08 14:00:00,,300,pending;;;;;;;;;
549,353,35,2479,online,cancelled,2026-09-04 18:00:00,2026-08-21 18:00:00,Emergency,1200,refunded;;;;;;;;;
550,21,9,3522,offline,completed,2026-09-12 17:00:00,2026-09-09 17:00:00,,450,paid;;;;;;;;;
551,296,7,1738,online,confirmed,2026-08-29 12:00:00,2026-08-23 12:00:00,,600,paid;;;;;;;;;
552,142,5,2889,online,completed,2026-09-28 18:00:00,2026-09-16 18:00:00,,1000,paid;;;;;;;;;
553,252,32,1829,offline,no_show,2026-08-25 16:00:00,2026-08-15 16:00:00,,1200,refunded;;;;;;;;;
554,328,14,800,offline,confirmed,2026-09-18 16:00:00,2026-09-07 16:00:00,,450,paid;;;;;;;;;
555,202,38,3000,offline,confirmed,2026-09-04 14:00:00,2026-09-02 14:00:00,,350,paid;;;;;;;;;
556,358,33,3590,online,cancelled,2026-09-06 12:00:00,2026-08-28 12:00:00,Emergency,400,refunded;;;;;;;;;
557,4,38,1090,online,completed,2026-09-18 09:00:00,2026-09-10 09:00:00,,400,paid;;;;;;;;;
558,299,38,69,online,completed,2026-09-05 17:00:00,2026-08-24 17:00:00,,700,paid;;;;;;;;;
559,3,14,3768,offline,confirmed,2026-09-11 08:00:00,2026-09-04 08:00:00,,300,paid;;;;;;;;;
560,179,7,3646,online,cancelled,2026-09-29 13:00:00,2026-09-19 13:00:00,Emergency,500,unpaid;;;;;;;;;
561,57,14,2800,online,completed,2026-08-22 08:00:00,2026-08-18 08:00:00,,800,paid;;;;;;;;;
562,93,18,1215,offline,completed,2026-09-06 11:00:00,2026-08-29 11:00:00,,1200,paid;;;;;;;;;
563,211,18,3979,offline,completed,2026-09-12 09:00:00,2026-09-08 09:00:00,,300,paid;;;;;;;;;
564,40,36,2995,online,confirmed,2026-09-11 17:00:00,2026-09-10 17:00:00,,600,paid;;;;;;;;;
565,18,40,2036,online,completed,2026-09-03 12:00:00,2026-08-24 12:00:00,,400,paid;;;;;;;;;
566,51,15,1552,online,completed,2026-09-03 08:00:00,2026-08-20 08:00:00,,600,paid;;;;;;;;;
567,48,30,3135,online,cancelled,2026-09-18 18:00:00,2026-09-12 18:00:00,Rescheduled,500,pending;;;;;;;;;
568,233,10,2049,online,pending,2026-09-30 15:00:00,2026-09-24 15:00:00,,1000,unpaid;;;;;;;;;
569,243,6,1202,offline,cancelled,2026-08-29 08:00:00,2026-08-19 08:00:00,Emergency,1200,unpaid;;;;;;;;;
570,281,33,3016,offline,completed,2026-09-27 11:00:00,2026-09-21 11:00:00,,1200,paid;;;;;;;;;
571,293,7,3666,online,completed,2026-09-12 08:00:00,2026-09-05 08:00:00,,450,paid;;;;;;;;;
572,382,36,3649,offline,completed,2026-08-23 17:00:00,2026-08-21 17:00:00,,1200,paid;;;;;;;;;
573,107,39,3437,online,completed,2026-09-13 10:00:00,2026-09-10 10:00:00,,300,paid;;;;;;;;;
574,38,16,469,online,completed,2026-09-11 09:00:00,2026-08-29 09:00:00,,1200,paid;;;;;;;;;
575,339,28,1647,online,confirmed,2026-08-17 11:00:00,2026-08-11 11:00:00,,350,paid;;;;;;;;;
576,54,4,2921,online,confirmed,2026-09-19 18:00:00,2026-09-07 18:00:00,,700,paid;;;;;;;;;
577,82,13,1366,offline,completed,2026-09-04 14:00:00,2026-09-01 14:00:00,,500,paid;;;;;;;;;
578,211,36,2797,offline,completed,2026-08-31 16:00:00,2026-08-25 16:00:00,,400,paid;;;;;;;;;
579,122,24,3449,offline,completed,2026-09-13 13:00:00,2026-09-10 13:00:00,,400,paid;;;;;;;;;
580,42,35,3345,online,cancelled,2026-09-09 09:00:00,2026-09-06 09:00:00,Rescheduled,1000,pending;;;;;;;;;
581,41,21,2231,online,completed,2026-09-16 17:00:00,2026-09-07 17:00:00,,1000,paid;;;;;;;;;
582,226,34,3786,online,cancelled,2026-08-24 10:00:00,2026-08-22 10:00:00,Emergency,500,pending;;;;;;;;;
583,198,21,3673,offline,completed,2026-08-17 11:00:00,2026-08-09 11:00:00,,400,paid;;;;;;;;;
584,327,5,1885,online,cancelled,2026-09-23 15:00:00,2026-09-16 15:00:00,Patient request,350,pending;;;;;;;;;
585,186,11,1391,online,confirmed,2026-08-26 12:00:00,2026-08-19 12:00:00,,400,paid;;;;;;;;;
586,113,30,1868,offline,no_show,2026-08-18 13:00:00,2026-08-11 13:00:00,,800,pending;;;;;;;;;
587,162,17,366,online,completed,2026-09-04 18:00:00,2026-08-29 18:00:00,,800,paid;;;;;;;;;
588,196,39,830,online,completed,2026-09-15 15:00:00,2026-09-10 15:00:00,,600,paid;;;;;;;;;
589,76,22,1220,offline,completed,2026-09-23 15:00:00,2026-09-15 15:00:00,,800,paid;;;;;;;;;
590,46,27,2405,online,completed,2026-09-30 11:00:00,2026-09-29 11:00:00,,500,paid;;;;;;;;;
591,358,11,3600,online,completed,2026-09-15 09:00:00,2026-09-08 09:00:00,,800,paid;;;;;;;;;
592,21,18,275,online,no_show,2026-09-10 14:00:00,2026-09-09 14:00:00,,1000,pending;;;;;;;;;
593,208,7,2516,online,confirmed,2026-09-20 09:00:00,2026-09-12 09:00:00,,300,paid;;;;;;;;;
594,221,24,547,online,completed,2026-09-08 15:00:00,2026-09-05 15:00:00,,1000,paid;;;;;;;;;
595,388,19,487,online,completed,2026-08-18 11:00:00,2026-08-14 11:00:00,,400,paid;;;;;;;;;
596,361,14,3908,online,completed,2026-09-13 14:00:00,2026-09-09 14:00:00,,450,paid;;;;;;;;;
597,219,18,495,online,completed,2026-09-19 12:00:00,2026-09-12 12:00:00,,900,paid;;;;;;;;;
598,193,8,3535,online,confirmed,2026-09-06 11:00:00,2026-08-24 11:00:00,,300,paid;;;;;;;;;
599,114,12,1914,offline,completed,2026-08-29 16:00:00,2026-08-28 16:00:00,,350,paid;;;;;;;;;
600,398,27,1044,online,confirmed,2026-09-03 16:00:00,2026-08-20 16:00:00,,700,paid;;;;;;;;;
601,75,38,1769,offline,completed,2026-08-26 11:00:00,2026-08-18 11:00:00,,400,paid;;;;;;;;;
602,306,18,797,offline,confirmed,2026-09-24 16:00:00,2026-09-23 16:00:00,,350,paid;;;;;;;;;
603,244,20,1917,online,completed,2026-09-21 17:00:00,2026-09-08 17:00:00,,1200,paid;;;;;;;;;
604,287,28,3204,online,completed,2026-09-06 16:00:00,2026-08-24 16:00:00,,700,paid;;;;;;;;;
605,321,7,2317,offline,completed,2026-09-23 16:00:00,2026-09-10 16:00:00,,700,paid;;;;;;;;;
606,362,4,2482,offline,completed,2026-08-21 18:00:00,2026-08-15 18:00:00,,1000,paid;;;;;;;;;
607,84,11,3748,offline,completed,2026-09-01 15:00:00,2026-08-23 15:00:00,,400,paid;;;;;;;;;
608,15,38,2469,offline,cancelled,2026-09-25 13:00:00,2026-09-13 13:00:00,Patient request,1000,refunded;;;;;;;;;
609,331,20,3489,online,completed,2026-08-17 18:00:00,2026-08-08 18:00:00,,800,paid;;;;;;;;;
610,92,26,1674,online,confirmed,2026-09-14 11:00:00,2026-09-06 11:00:00,,300,paid;;;;;;;;;
611,129,40,1634,online,no_show,2026-08-22 15:00:00,2026-08-12 15:00:00,,450,refunded;;;;;;;;;
612,12,6,847,offline,completed,2026-08-21 17:00:00,2026-08-19 17:00:00,,1200,paid;;;;;;;;;
613,171,32,3571,offline,completed,2026-08-29 09:00:00,2026-08-27 09:00:00,,700,paid;;;;;;;;;
614,249,37,691,online,no_show,2026-09-16 16:00:00,2026-09-03 16:00:00,,600,unpaid;;;;;;;;;
615,28,11,1242,offline,confirmed,2026-09-07 09:00:00,2026-09-04 09:00:00,,500,paid;;;;;;;;;
616,387,6,1674,online,completed,2026-08-30 13:00:00,2026-08-28 13:00:00,,900,paid;;;;;;;;;
617,215,28,888,offline,completed,2026-09-17 10:00:00,2026-09-15 10:00:00,,600,paid;;;;;;;;;
618,217,40,3237,offline,pending,2026-08-26 17:00:00,2026-08-21 17:00:00,,900,pending;;;;;;;;;
619,288,1,3769,online,confirmed,2026-09-30 16:00:00,2026-09-17 16:00:00,,1200,paid;;;;;;;;;
620,258,26,205,online,pending,2026-09-28 15:00:00,2026-09-26 15:00:00,,300,refunded;;;;;;;;;
621,189,18,1235,offline,pending,2026-09-13 11:00:00,2026-08-31 11:00:00,,350,refunded;;;;;;;;;
622,183,39,1486,offline,cancelled,2026-09-08 16:00:00,2026-08-31 16:00:00,Rescheduled,900,pending;;;;;;;;;
623,147,8,3254,offline,completed,2026-09-12 15:00:00,2026-09-04 15:00:00,,500,paid;;;;;;;;;
624,190,1,3010,online,pending,2026-08-17 16:00:00,2026-08-06 16:00:00,,450,pending;;;;;;;;;
625,63,37,1335,offline,completed,2026-10-01 11:00:00,2026-09-20 11:00:00,,800,paid;;;;;;;;;
626,159,25,32,offline,confirmed,2026-08-21 11:00:00,2026-08-19 11:00:00,,900,paid;;;;;;;;;
627,302,10,3204,offline,confirmed,2026-09-06 11:00:00,2026-08-31 11:00:00,,1200,paid;;;;;;;;;
628,234,28,2124,online,pending,2026-08-28 13:00:00,2026-08-27 13:00:00,,400,refunded;;;;;;;;;
629,164,12,2437,online,completed,2026-09-12 12:00:00,2026-09-11 12:00:00,,350,paid;;;;;;;;;
630,244,5,689,online,no_show,2026-08-21 08:00:00,2026-08-11 08:00:00,,700,pending;;;;;;;;;
631,137,2,1188,offline,confirmed,2026-09-12 16:00:00,2026-09-09 16:00:00,,1200,paid;;;;;;;;;
632,259,28,838,offline,completed,2026-08-30 10:00:00,2026-08-25 10:00:00,,300,paid;;;;;;;;;
633,23,24,2550,offline,cancelled,2026-09-05 11:00:00,2026-09-01 11:00:00,Doctor unavailable,700,pending;;;;;;;;;
634,236,33,2687,online,completed,2026-09-13 18:00:00,2026-09-07 18:00:00,,700,paid;;;;;;;;;
635,87,29,2474,online,completed,2026-09-06 13:00:00,2026-09-04 13:00:00,,1200,paid;;;;;;;;;
636,194,6,2795,online,completed,2026-08-22 14:00:00,2026-08-16 14:00:00,,350,paid;;;;;;;;;
637,146,4,1629,offline,confirmed,2026-09-30 15:00:00,2026-09-17 15:00:00,,900,paid;;;;;;;;;
638,353,27,3256,offline,no_show,2026-09-01 16:00:00,2026-08-31 16:00:00,,900,unpaid;;;;;;;;;
639,270,10,2653,offline,completed,2026-10-01 10:00:00,2026-09-20 10:00:00,,300,paid;;;;;;;;;
640,17,23,3355,offline,completed,2026-09-08 10:00:00,2026-09-06 10:00:00,,1200,paid;;;;;;;;;
641,373,21,566,online,completed,2026-08-29 10:00:00,2026-08-15 10:00:00,,400,paid;;;;;;;;;
642,294,12,3761,online,completed,2026-09-11 18:00:00,2026-09-08 18:00:00,,500,paid;;;;;;;;;
643,23,22,829,online,pending,2026-08-23 12:00:00,2026-08-11 12:00:00,,1200,unpaid;;;;;;;;;
644,299,20,580,online,completed,2026-09-16 11:00:00,2026-09-05 11:00:00,,300,paid;;;;;;;;;
645,275,24,170,offline,confirmed,2026-09-01 17:00:00,2026-08-20 17:00:00,,450,paid;;;;;;;;;
646,7,37,33,online,confirmed,2026-09-22 16:00:00,2026-09-14 16:00:00,,600,paid;;;;;;;;;
647,270,5,2115,online,pending,2026-08-28 10:00:00,2026-08-25 10:00:00,,1000,unpaid;;;;;;;;;
648,71,35,1575,offline,cancelled,2026-09-27 11:00:00,2026-09-26 11:00:00,Doctor unavailable,700,unpaid;;;;;;;;;
649,179,18,965,offline,confirmed,2026-09-22 18:00:00,2026-09-14 18:00:00,,500,paid;;;;;;;;;
650,349,20,331,offline,confirmed,2026-09-23 15:00:00,2026-09-14 15:00:00,,450,paid;;;;;;;;;
651,356,3,667,offline,confirmed,2026-09-11 12:00:00,2026-09-09 12:00:00,,1200,paid;;;;;;;;;
652,324,32,2741,online,no_show,2026-09-16 13:00:00,2026-09-11 13:00:00,,300,pending;;;;;;;;;
653,24,17,3698,offline,completed,2026-08-19 16:00:00,2026-08-15 16:00:00,,1200,paid;;;;;;;;;
654,370,8,848,online,completed,2026-08-26 12:00:00,2026-08-18 12:00:00,,1000,paid;;;;;;;;;
655,242,36,3853,offline,confirmed,2026-08-19 18:00:00,2026-08-15 18:00:00,,350,paid;;;;;;;;;
656,14,30,1084,online,confirmed,2026-09-03 14:00:00,2026-08-23 14:00:00,,400,paid;;;;;;;;;
657,100,31,2990,offline,completed,2026-08-26 09:00:00,2026-08-22 09:00:00,,600,paid;;;;;;;;;
658,321,26,3196,offline,completed,2026-09-22 14:00:00,2026-09-19 14:00:00,,800,paid;;;;;;;;;
659,253,21,1628,online,confirmed,2026-09-17 17:00:00,2026-09-14 17:00:00,,350,paid;;;;;;;;;
660,132,5,3429,online,pending,2026-09-17 16:00:00,2026-09-06 16:00:00,,600,refunded;;;;;;;;;
661,310,24,1069,offline,completed,2026-08-19 17:00:00,2026-08-10 17:00:00,,500,paid;;;;;;;;;
662,382,23,1854,online,completed,2026-10-01 08:00:00,2026-09-19 08:00:00,,450,paid;;;;;;;;;
663,373,17,2537,online,confirmed,2026-09-20 11:00:00,2026-09-07 11:00:00,,900,paid;;;;;;;;;
664,258,6,5,offline,completed,2026-08-28 16:00:00,2026-08-16 16:00:00,,450,paid;;;;;;;;;
665,149,7,405,online,confirmed,2026-08-30 10:00:00,2026-08-23 10:00:00,,800,paid;;;;;;;;;
666,272,28,3549,offline,completed,2026-08-20 08:00:00,2026-08-19 08:00:00,,450,paid;;;;;;;;;
667,152,33,848,online,completed,2026-08-25 12:00:00,2026-08-11 12:00:00,,700,paid;;;;;;;;;
668,367,24,2625,online,pending,2026-09-06 09:00:00,2026-08-26 09:00:00,,800,pending;;;;;;;;;
669,191,13,492,offline,completed,2026-09-29 13:00:00,2026-09-27 13:00:00,,900,paid;;;;;;;;;
670,74,9,1564,offline,confirmed,2026-09-26 09:00:00,2026-09-17 09:00:00,,300,paid;;;;;;;;;
671,145,26,2826,online,completed,2026-09-07 16:00:00,2026-09-06 16:00:00,,600,paid;;;;;;;;;
672,274,34,1611,online,completed,2026-08-23 18:00:00,2026-08-09 18:00:00,,800,paid;;;;;;;;;
673,223,16,2024,offline,completed,2026-09-29 16:00:00,2026-09-20 16:00:00,,1000,paid;;;;;;;;;
674,261,11,2522,offline,cancelled,2026-09-14 15:00:00,2026-09-12 15:00:00,Rescheduled,900,refunded;;;;;;;;;
675,256,28,2544,offline,pending,2026-09-23 11:00:00,2026-09-19 11:00:00,,600,unpaid;;;;;;;;;
676,351,19,3641,online,completed,2026-08-29 14:00:00,2026-08-28 14:00:00,,400,paid;;;;;;;;;
677,285,11,3441,online,completed,2026-09-12 15:00:00,2026-09-10 15:00:00,,400,paid;;;;;;;;;
678,250,8,1448,online,confirmed,2026-09-16 13:00:00,2026-09-14 13:00:00,,500,paid;;;;;;;;;
679,138,34,1315,online,confirmed,2026-09-04 14:00:00,2026-08-23 14:00:00,,700,paid;;;;;;;;;
680,161,16,221,offline,completed,2026-09-19 11:00:00,2026-09-06 11:00:00,,300,paid;;;;;;;;;
681,39,21,1983,offline,completed,2026-09-18 16:00:00,2026-09-11 16:00:00,,700,paid;;;;;;;;;
682,93,21,3964,online,cancelled,2026-09-27 15:00:00,2026-09-17 15:00:00,Doctor unavailable,450,pending;;;;;;;;;
683,165,35,68,online,confirmed,2026-09-05 17:00:00,2026-08-26 17:00:00,,500,paid;;;;;;;;;
684,40,3,3098,online,cancelled,2026-09-28 08:00:00,2026-09-19 08:00:00,Doctor unavailable,800,pending;;;;;;;;;
685,234,29,753,online,completed,2026-08-29 12:00:00,2026-08-28 12:00:00,,500,paid;;;;;;;;;
686,296,6,2602,offline,confirmed,2026-08-24 11:00:00,2026-08-13 11:00:00,,350,paid;;;;;;;;;
687,341,32,3557,online,completed,2026-09-08 10:00:00,2026-09-01 10:00:00,,350,paid;;;;;;;;;
688,290,12,452,online,completed,2026-08-28 15:00:00,2026-08-17 15:00:00,,400,paid;;;;;;;;;
689,138,11,1254,offline,completed,2026-09-18 12:00:00,2026-09-12 12:00:00,,1000,paid;;;;;;;;;
690,400,15,3390,online,pending,2026-09-17 16:00:00,2026-09-09 16:00:00,,500,refunded;;;;;;;;;
691,32,37,2051,online,confirmed,2026-08-28 14:00:00,2026-08-25 14:00:00,,300,paid;;;;;;;;;
692,22,40,2972,offline,completed,2026-08-24 17:00:00,2026-08-15 17:00:00,,350,paid;;;;;;;;;
693,206,2,3312,online,cancelled,2026-09-06 14:00:00,2026-08-30 14:00:00,Patient request,1200,pending;;;;;;;;;
694,97,5,2410,offline,confirmed,2026-09-16 17:00:00,2026-09-15 17:00:00,,450,paid;;;;;;;;;
695,177,6,1285,online,cancelled,2026-08-23 12:00:00,2026-08-18 12:00:00,Patient request,1200,pending;;;;;;;;;
696,199,16,598,offline,completed,2026-08-25 08:00:00,2026-08-17 08:00:00,,800,paid;;;;;;;;;
697,333,31,1239,offline,completed,2026-09-06 11:00:00,2026-09-01 11:00:00,,450,paid;;;;;;;;;
698,360,4,2457,online,cancelled,2026-09-02 15:00:00,2026-08-23 15:00:00,Emergency,350,refunded;;;;;;;;;
699,388,2,490,online,completed,2026-09-15 10:00:00,2026-09-12 10:00:00,,350,paid;;;;;;;;;
700,207,20,3807,offline,completed,2026-09-24 14:00:00,2026-09-11 14:00:00,,1200,paid;;;;;;;;;
701,347,10,3404,online,completed,2026-09-15 13:00:00,2026-09-13 13:00:00,,1200,paid;;;;;;;;;
702,273,11,3713,offline,completed,2026-08-22 10:00:00,2026-08-21 10:00:00,,900,paid;;;;;;;;;
703,27,25,3110,online,completed,2026-10-01 11:00:00,2026-09-28 11:00:00,,600,paid;;;;;;;;;
704,351,9,233,online,completed,2026-08-29 15:00:00,2026-08-18 15:00:00,,1000,paid;;;;;;;;;
705,160,29,650,online,cancelled,2026-09-11 09:00:00,2026-08-30 09:00:00,Rescheduled,1200,unpaid;;;;;;;;;
706,219,32,2369,online,completed,2026-09-20 11:00:00,2026-09-14 11:00:00,,1200,paid;;;;;;;;;
707,100,9,3827,offline,completed,2026-09-11 09:00:00,2026-09-03 09:00:00,,300,paid;;;;;;;;;
708,390,18,2456,offline,pending,2026-09-11 09:00:00,2026-09-09 09:00:00,,1200,unpaid;;;;;;;;;
709,223,36,184,offline,completed,2026-09-10 15:00:00,2026-09-05 15:00:00,,800,paid;;;;;;;;;
710,108,18,2752,online,completed,2026-09-26 15:00:00,2026-09-25 15:00:00,,700,paid;;;;;;;;;
711,152,37,3006,online,confirmed,2026-09-18 15:00:00,2026-09-11 15:00:00,,600,paid;;;;;;;;;
712,294,36,2603,online,completed,2026-09-27 15:00:00,2026-09-17 15:00:00,,900,paid;;;;;;;;;
713,143,11,1878,online,confirmed,2026-09-27 13:00:00,2026-09-18 13:00:00,,350,paid;;;;;;;;;
714,319,17,2696,online,confirmed,2026-09-07 16:00:00,2026-08-28 16:00:00,,500,paid;;;;;;;;;
715,87,18,789,online,completed,2026-08-29 12:00:00,2026-08-23 12:00:00,,800,paid;;;;;;;;;
716,130,21,2202,online,completed,2026-09-11 09:00:00,2026-08-31 09:00:00,,600,paid;;;;;;;;;
717,361,35,3518,online,cancelled,2026-08-17 08:00:00,2026-08-15 08:00:00,Emergency,900,unpaid;;;;;;;;;
718,130,33,329,offline,no_show,2026-08-30 16:00:00,2026-08-29 16:00:00,,800,unpaid;;;;;;;;;
719,41,6,246,online,completed,2026-08-24 09:00:00,2026-08-17 09:00:00,,400,paid;;;;;;;;;
720,216,1,3690,online,completed,2026-09-03 09:00:00,2026-08-28 09:00:00,,350,paid;;;;;;;;;
721,7,1,2493,online,completed,2026-08-25 09:00:00,2026-08-19 09:00:00,,450,paid;;;;;;;;;
722,31,35,1045,offline,completed,2026-08-17 11:00:00,2026-08-10 11:00:00,,450,paid;;;;;;;;;
723,183,36,1311,offline,no_show,2026-09-15 16:00:00,2026-09-02 16:00:00,,800,refunded;;;;;;;;;
724,22,6,1790,online,completed,2026-08-21 14:00:00,2026-08-17 14:00:00,,600,paid;;;;;;;;;
725,68,30,1280,online,cancelled,2026-09-06 10:00:00,2026-08-30 10:00:00,Emergency,900,pending;;;;;;;;;
726,43,33,1227,offline,confirmed,2026-10-01 18:00:00,2026-09-26 18:00:00,,1200,paid;;;;;;;;;
727,90,17,2756,online,confirmed,2026-09-12 17:00:00,2026-09-03 17:00:00,,1000,paid;;;;;;;;;
728,134,27,2068,online,confirmed,2026-08-29 10:00:00,2026-08-15 10:00:00,,350,paid;;;;;;;;;
729,380,37,755,offline,completed,2026-09-23 11:00:00,2026-09-16 11:00:00,,350,paid;;;;;;;;;
730,393,1,1643,offline,completed,2026-09-22 13:00:00,2026-09-18 13:00:00,,700,paid;;;;;;;;;
731,337,40,107,offline,pending,2026-08-22 17:00:00,2026-08-12 17:00:00,,300,pending;;;;;;;;;
732,144,3,91,offline,cancelled,2026-08-24 13:00:00,2026-08-23 13:00:00,Rescheduled,1200,refunded;;;;;;;;;
733,303,1,3206,offline,cancelled,2026-09-03 08:00:00,2026-08-27 08:00:00,Rescheduled,1000,unpaid;;;;;;;;;
734,90,8,279,online,completed,2026-09-25 08:00:00,2026-09-22 08:00:00,,450,paid;;;;;;;;;
735,101,33,3938,offline,completed,2026-08-26 14:00:00,2026-08-21 14:00:00,,600,paid;;;;;;;;;
736,394,39,2721,online,confirmed,2026-08-31 08:00:00,2026-08-22 08:00:00,,600,paid;;;;;;;;;
737,315,22,3449,offline,confirmed,2026-08-26 16:00:00,2026-08-12 16:00:00,,800,paid;;;;;;;;;
738,363,35,2669,offline,completed,2026-09-01 12:00:00,2026-08-22 12:00:00,,900,paid;;;;;;;;;
739,87,37,391,offline,completed,2026-09-07 12:00:00,2026-09-02 12:00:00,,1200,paid;;;;;;;;;
740,58,4,2955,offline,no_show,2026-08-25 08:00:00,2026-08-17 08:00:00,,400,pending;;;;;;;;;
741,119,33,420,offline,pending,2026-09-08 09:00:00,2026-08-29 09:00:00,,1000,pending;;;;;;;;;
742,351,19,1536,online,confirmed,2026-09-30 16:00:00,2026-09-27 16:00:00,,700,paid;;;;;;;;;
743,15,22,3811,online,completed,2026-08-29 09:00:00,2026-08-23 09:00:00,,450,paid;;;;;;;;;
744,148,24,3248,offline,completed,2026-09-16 15:00:00,2026-09-09 15:00:00,,450,paid;;;;;;;;;
745,48,9,1788,online,completed,2026-09-30 08:00:00,2026-09-16 08:00:00,,1200,paid;;;;;;;;;
746,37,24,738,offline,confirmed,2026-09-26 15:00:00,2026-09-20 15:00:00,,800,paid;;;;;;;;;
747,256,8,3927,online,completed,2026-09-07 15:00:00,2026-08-24 15:00:00,,400,paid;;;;;;;;;
748,100,11,2992,online,completed,2026-08-23 09:00:00,2026-08-20 09:00:00,,450,paid;;;;;;;;;
749,22,12,3196,online,completed,2026-09-19 11:00:00,2026-09-09 11:00:00,,900,paid;;;;;;;;;
750,321,11,2973,online,no_show,2026-09-13 12:00:00,2026-08-30 12:00:00,,1200,pending;;;;;;;;;
751,59,22,285,offline,confirmed,2026-09-23 15:00:00,2026-09-13 15:00:00,,600,paid;;;;;;;;;
752,45,6,2140,online,completed,2026-08-17 14:00:00,2026-08-03 14:00:00,,800,paid;;;;;;;;;
753,399,17,3539,online,pending,2026-09-07 13:00:00,2026-08-27 13:00:00,,450,unpaid;;;;;;;;;
754,115,26,2857,online,completed,2026-09-14 08:00:00,2026-09-08 08:00:00,,350,paid;;;;;;;;;
755,147,34,1618,online,completed,2026-09-22 13:00:00,2026-09-08 13:00:00,,700,paid;;;;;;;;;
756,56,40,2728,offline,completed,2026-09-09 14:00:00,2026-08-26 14:00:00,,700,paid;;;;;;;;;
757,274,16,3355,online,completed,2026-09-11 09:00:00,2026-08-31 09:00:00,,800,paid;;;;;;;;;
758,164,34,64,online,no_show,2026-08-27 13:00:00,2026-08-18 13:00:00,,400,unpaid;;;;;;;;;
759,32,20,3582,offline,confirmed,2026-09-16 08:00:00,2026-09-04 08:00:00,,1200,paid;;;;;;;;;
760,124,24,1094,online,completed,2026-09-05 13:00:00,2026-09-02 13:00:00,,700,paid;;;;;;;;;
761,294,33,1687,offline,pending,2026-09-10 14:00:00,2026-09-09 14:00:00,,1000,refunded;;;;;;;;;
762,340,4,808,offline,completed,2026-09-23 11:00:00,2026-09-11 11:00:00,,500,paid;;;;;;;;;
763,49,24,2206,online,confirmed,2026-09-11 18:00:00,2026-09-07 18:00:00,,300,paid;;;;;;;;;
764,16,22,298,offline,completed,2026-09-23 12:00:00,2026-09-14 12:00:00,,600,paid;;;;;;;;;
765,362,15,1528,online,pending,2026-08-22 10:00:00,2026-08-19 10:00:00,,400,pending;;;;;;;;;
766,386,13,553,online,completed,2026-08-17 15:00:00,2026-08-08 15:00:00,,400,paid;;;;;;;;;
767,342,33,237,online,confirmed,2026-09-10 16:00:00,2026-09-08 16:00:00,,300,paid;;;;;;;;;
768,367,10,365,online,no_show,2026-09-08 15:00:00,2026-08-27 15:00:00,,300,pending;;;;;;;;;
769,360,20,2543,online,completed,2026-10-01 18:00:00,2026-09-18 18:00:00,,1000,paid;;;;;;;;;
770,26,6,990,offline,cancelled,2026-08-28 13:00:00,2026-08-23 13:00:00,Patient request,400,unpaid;;;;;;;;;
771,345,12,716,offline,no_show,2026-09-10 13:00:00,2026-08-30 13:00:00,,350,pending;;;;;;;;;
772,273,10,3043,offline,completed,2026-08-23 11:00:00,2026-08-18 11:00:00,,300,paid;;;;;;;;;
773,115,1,58,offline,pending,2026-09-11 13:00:00,2026-08-31 13:00:00,,400,unpaid;;;;;;;;;
774,173,12,2435,offline,confirmed,2026-09-02 17:00:00,2026-08-31 17:00:00,,700,paid;;;;;;;;;
775,21,40,3176,offline,cancelled,2026-08-17 18:00:00,2026-08-12 18:00:00,Patient request,350,unpaid;;;;;;;;;
776,323,27,3566,online,completed,2026-08-28 16:00:00,2026-08-22 16:00:00,,400,paid;;;;;;;;;
777,93,35,1898,online,completed,2026-09-26 12:00:00,2026-09-16 12:00:00,,300,paid;;;;;;;;;
778,266,25,2674,online,completed,2026-09-21 15:00:00,2026-09-11 15:00:00,,500,paid;;;;;;;;;
779,57,20,449,offline,completed,2026-09-09 16:00:00,2026-09-02 16:00:00,,700,paid;;;;;;;;;
780,247,35,3959,offline,completed,2026-09-08 17:00:00,2026-09-07 17:00:00,,350,paid;;;;;;;;;
781,63,16,886,offline,completed,2026-09-19 09:00:00,2026-09-05 09:00:00,,800,paid;;;;;;;;;
782,35,31,2991,offline,confirmed,2026-09-18 16:00:00,2026-09-05 16:00:00,,1200,paid;;;;;;;;;
783,197,24,3590,offline,pending,2026-08-31 13:00:00,2026-08-17 13:00:00,,1000,unpaid;;;;;;;;;
784,104,6,2602,online,completed,2026-10-01 14:00:00,2026-09-28 14:00:00,,1000,paid;;;;;;;;;
785,333,38,946,offline,cancelled,2026-09-19 08:00:00,2026-09-14 08:00:00,Patient request,1000,pending;;;;;;;;;
786,207,11,1557,online,cancelled,2026-08-25 08:00:00,2026-08-16 08:00:00,Patient request,700,pending;;;;;;;;;
787,85,18,3362,offline,completed,2026-10-01 17:00:00,2026-09-28 17:00:00,,350,paid;;;;;;;;;
788,261,31,1119,online,completed,2026-09-12 08:00:00,2026-09-02 08:00:00,,800,paid;;;;;;;;;
789,211,32,3013,online,pending,2026-09-19 15:00:00,2026-09-18 15:00:00,,700,refunded;;;;;;;;;
790,308,32,3525,offline,confirmed,2026-08-22 16:00:00,2026-08-08 16:00:00,,1200,paid;;;;;;;;;
791,340,24,2740,online,completed,2026-09-22 12:00:00,2026-09-13 12:00:00,,500,paid;;;;;;;;;
792,308,5,812,offline,completed,2026-09-06 18:00:00,2026-09-05 18:00:00,,1000,paid;;;;;;;;;
793,39,39,939,online,completed,2026-09-10 13:00:00,2026-09-03 13:00:00,,1000,paid;;;;;;;;;
794,304,5,3480,online,completed,2026-09-10 15:00:00,2026-08-28 15:00:00,,1000,paid;;;;;;;;;
795,281,27,1502,offline,confirmed,2026-09-27 09:00:00,2026-09-20 09:00:00,,450,paid;;;;;;;;;
796,161,19,1266,online,pending,2026-09-21 16:00:00,2026-09-08 16:00:00,,800,refunded;;;;;;;;;
797,284,40,748,online,completed,2026-09-27 16:00:00,2026-09-21 16:00:00,,300,paid;;;;;;;;;
798,34,14,610,online,completed,2026-08-31 16:00:00,2026-08-20 16:00:00,,600,paid;;;;;;;;;
799,386,29,2972,online,completed,2026-09-30 11:00:00,2026-09-17 11:00:00,,900,paid;;;;;;;;;
800,241,33,1232,online,completed,2026-09-01 12:00:00,2026-08-23 12:00:00,,800,paid;;;;;;;;;
801,360,36,156,offline,pending,2026-09-22 16:00:00,2026-09-13 16:00:00,,300,refunded;;;;;;;;;
802,357,30,1365,offline,cancelled,2026-08-26 15:00:00,2026-08-22 15:00:00,Rescheduled,800,pending;;;;;;;;;
803,53,21,2492,offline,cancelled,2026-08-28 18:00:00,2026-08-15 18:00:00,Doctor unavailable,1200,pending;;;;;;;;;
804,257,39,3277,offline,cancelled,2026-09-13 12:00:00,2026-09-03 12:00:00,Rescheduled,500,refunded;;;;;;;;;
805,137,38,3422,offline,pending,2026-09-23 16:00:00,2026-09-16 16:00:00,,900,unpaid;;;;;;;;;
806,221,15,417,offline,completed,2026-09-05 17:00:00,2026-08-24 17:00:00,,800,paid;;;;;;;;;
807,111,15,2475,offline,pending,2026-09-15 09:00:00,2026-09-12 09:00:00,,500,unpaid;;;;;;;;;
808,129,5,529,online,pending,2026-09-29 18:00:00,2026-09-27 18:00:00,,400,unpaid;;;;;;;;;
809,2,7,591,offline,no_show,2026-09-14 11:00:00,2026-09-02 11:00:00,,900,unpaid;;;;;;;;;
810,266,21,2219,online,cancelled,2026-09-02 16:00:00,2026-08-22 16:00:00,Emergency,1000,unpaid;;;;;;;;;
811,279,35,2108,offline,cancelled,2026-09-15 12:00:00,2026-09-03 12:00:00,Doctor unavailable,300,refunded;;;;;;;;;
812,110,38,3187,online,completed,2026-09-16 15:00:00,2026-09-08 15:00:00,,450,paid;;;;;;;;;
813,266,5,2727,online,completed,2026-09-11 08:00:00,2026-09-03 08:00:00,,450,paid;;;;;;;;;
814,352,3,2240,online,confirmed,2026-10-01 18:00:00,2026-09-18 18:00:00,,800,paid;;;;;;;;;
815,311,11,3343,offline,confirmed,2026-08-25 08:00:00,2026-08-23 08:00:00,,500,paid;;;;;;;;;
816,384,36,455,offline,completed,2026-10-01 09:00:00,2026-09-24 09:00:00,,800,paid;;;;;;;;;
817,199,2,282,offline,confirmed,2026-09-24 15:00:00,2026-09-16 15:00:00,,600,paid;;;;;;;;;
818,240,19,1714,offline,completed,2026-09-18 10:00:00,2026-09-09 10:00:00,,700,paid;;;;;;;;;
819,227,2,1663,offline,completed,2026-09-22 11:00:00,2026-09-14 11:00:00,,350,paid;;;;;;;;;
820,323,37,882,online,completed,2026-09-16 18:00:00,2026-09-15 18:00:00,,900,paid;;;;;;;;;
821,263,8,3435,online,cancelled,2026-08-28 15:00:00,2026-08-17 15:00:00,Patient request,600,refunded;;;;;;;;;
822,341,12,1891,online,cancelled,2026-09-30 08:00:00,2026-09-19 08:00:00,Emergency,900,pending;;;;;;;;;
823,382,2,1017,offline,confirmed,2026-09-30 12:00:00,2026-09-25 12:00:00,,400,paid;;;;;;;;;
824,391,12,3676,offline,completed,2026-09-11 08:00:00,2026-09-02 08:00:00,,500,paid;;;;;;;;;
825,182,36,3026,offline,completed,2026-09-19 08:00:00,2026-09-07 08:00:00,,700,paid;;;;;;;;;
826,104,8,1229,offline,confirmed,2026-09-29 15:00:00,2026-09-16 15:00:00,,350,paid;;;;;;;;;
827,71,3,1521,online,confirmed,2026-09-04 12:00:00,2026-09-02 12:00:00,,500,paid;;;;;;;;;
828,244,10,3778,online,completed,2026-09-17 09:00:00,2026-09-14 09:00:00,,900,paid;;;;;;;;;
829,190,19,1553,offline,confirmed,2026-09-29 17:00:00,2026-09-23 17:00:00,,300,paid;;;;;;;;;
830,269,30,3478,offline,completed,2026-08-28 10:00:00,2026-08-15 10:00:00,,400,paid;;;;;;;;;
831,294,17,3246,online,completed,2026-09-04 11:00:00,2026-08-21 11:00:00,,450,paid;;;;;;;;;
832,145,29,53,online,completed,2026-09-19 13:00:00,2026-09-14 13:00:00,,400,paid;;;;;;;;;
833,125,31,836,offline,confirmed,2026-08-31 15:00:00,2026-08-27 15:00:00,,400,paid;;;;;;;;;
834,278,37,1014,offline,confirmed,2026-09-05 18:00:00,2026-08-24 18:00:00,,1000,paid;;;;;;;;;
835,125,31,3961,online,no_show,2026-09-25 14:00:00,2026-09-23 14:00:00,,400,refunded;;;;;;;;;
836,397,37,2209,online,completed,2026-09-01 08:00:00,2026-08-21 08:00:00,,350,paid;;;;;;;;;
837,39,34,2617,offline,no_show,2026-08-17 11:00:00,2026-08-09 11:00:00,,1000,refunded;;;;;;;;;
838,215,24,2852,offline,completed,2026-09-16 08:00:00,2026-09-11 08:00:00,,900,paid;;;;;;;;;
839,286,31,3747,offline,completed,2026-09-14 09:00:00,2026-09-06 09:00:00,,350,paid;;;;;;;;;
840,80,31,745,online,pending,2026-10-01 17:00:00,2026-09-29 17:00:00,,800,pending;;;;;;;;;
841,20,16,2542,offline,completed,2026-09-09 11:00:00,2026-09-03 11:00:00,,1200,paid;;;;;;;;;
842,291,18,2608,online,completed,2026-09-01 12:00:00,2026-08-20 12:00:00,,450,paid;;;;;;;;;
843,180,5,3061,online,completed,2026-09-05 17:00:00,2026-08-27 17:00:00,,1200,paid;;;;;;;;;
844,221,12,2036,online,completed,2026-09-01 14:00:00,2026-08-21 14:00:00,,1000,paid;;;;;;;;;
845,80,20,3372,offline,completed,2026-09-09 15:00:00,2026-08-30 15:00:00,,400,paid;;;;;;;;;
846,111,6,391,offline,cancelled,2026-09-24 18:00:00,2026-09-19 18:00:00,Emergency,450,refunded;;;;;;;;;
847,41,37,897,online,no_show,2026-08-23 12:00:00,2026-08-19 12:00:00,,700,unpaid;;;;;;;;;
848,363,25,3392,online,completed,2026-09-05 18:00:00,2026-09-02 18:00:00,,450,paid;;;;;;;;;
849,365,19,3814,offline,completed,2026-08-27 09:00:00,2026-08-13 09:00:00,,700,paid;;;;;;;;;
850,268,3,1327,offline,completed,2026-08-22 17:00:00,2026-08-11 17:00:00,,900,paid;;;;;;;;;
851,192,24,3895,offline,pending,2026-08-18 18:00:00,2026-08-13 18:00:00,,900,unpaid;;;;;;;;;
852,398,16,1022,offline,confirmed,2026-09-01 13:00:00,2026-08-29 13:00:00,,450,paid;;;;;;;;;
853,26,22,259,online,completed,2026-09-08 08:00:00,2026-09-02 08:00:00,,1200,paid;;;;;;;;;
854,103,18,3294,online,completed,2026-09-24 11:00:00,2026-09-18 11:00:00,,300,paid;;;;;;;;;
855,316,24,1094,offline,confirmed,2026-09-05 13:00:00,2026-08-26 13:00:00,,700,paid;;;;;;;;;
856,180,3,3341,online,cancelled,2026-08-30 08:00:00,2026-08-24 08:00:00,Emergency,500,unpaid;;;;;;;;;
857,91,4,753,online,cancelled,2026-09-07 15:00:00,2026-08-30 15:00:00,Patient request,900,refunded;;;;;;;;;
858,296,14,896,online,cancelled,2026-08-20 09:00:00,2026-08-09 09:00:00,Patient request,450,unpaid;;;;;;;;;
859,64,4,2580,online,completed,2026-09-04 17:00:00,2026-08-31 17:00:00,,1000,paid;;;;;;;;;
860,4,34,472,online,completed,2026-09-30 18:00:00,2026-09-29 18:00:00,,600,paid;;;;;;;;;
861,338,22,2905,offline,pending,2026-10-01 12:00:00,2026-09-30 12:00:00,,500,unpaid;;;;;;;;;
862,330,34,1311,offline,completed,2026-08-24 14:00:00,2026-08-19 14:00:00,,800,paid;;;;;;;;;
863,150,16,2612,online,completed,2026-09-30 12:00:00,2026-09-18 12:00:00,,600,paid;;;;;;;;;
864,356,17,1116,offline,completed,2026-09-19 14:00:00,2026-09-11 14:00:00,,1200,paid;;;;;;;;;
865,10,4,1875,online,completed,2026-08-31 12:00:00,2026-08-18 12:00:00,,700,paid;;;;;;;;;
866,192,29,2140,online,completed,2026-08-25 09:00:00,2026-08-18 09:00:00,,800,paid;;;;;;;;;
867,84,8,1021,offline,cancelled,2026-08-27 16:00:00,2026-08-13 16:00:00,Rescheduled,900,pending;;;;;;;;;
868,23,17,2989,offline,completed,2026-08-20 10:00:00,2026-08-19 10:00:00,,450,paid;;;;;;;;;
869,260,8,2577,online,completed,2026-09-13 08:00:00,2026-09-02 08:00:00,,600,paid;;;;;;;;;
870,398,14,3022,offline,completed,2026-08-21 13:00:00,2026-08-14 13:00:00,,1000,paid;;;;;;;;;
871,90,14,1866,offline,confirmed,2026-09-22 11:00:00,2026-09-08 11:00:00,,350,paid;;;;;;;;;
872,11,31,3386,online,completed,2026-08-22 17:00:00,2026-08-14 17:00:00,,400,paid;;;;;;;;;
873,37,13,3082,online,confirmed,2026-08-26 14:00:00,2026-08-25 14:00:00,,800,paid;;;;;;;;;
874,90,39,3983,online,no_show,2026-08-22 15:00:00,2026-08-11 15:00:00,,700,pending;;;;;;;;;
875,171,9,1850,online,cancelled,2026-09-04 14:00:00,2026-08-25 14:00:00,Emergency,500,unpaid;;;;;;;;;
876,260,24,3745,online,completed,2026-09-02 14:00:00,2026-08-28 14:00:00,,300,paid;;;;;;;;;
877,208,37,2136,online,completed,2026-09-07 09:00:00,2026-09-01 09:00:00,,600,paid;;;;;;;;;
878,33,11,2746,online,cancelled,2026-09-16 11:00:00,2026-09-03 11:00:00,Doctor unavailable,450,refunded;;;;;;;;;
879,96,2,623,offline,completed,2026-08-26 17:00:00,2026-08-20 17:00:00,,350,paid;;;;;;;;;
880,285,26,3349,offline,completed,2026-08-25 17:00:00,2026-08-18 17:00:00,,700,paid;;;;;;;;;
881,335,31,1860,offline,pending,2026-08-26 14:00:00,2026-08-15 14:00:00,,600,unpaid;;;;;;;;;
882,90,10,2983,online,confirmed,2026-09-18 09:00:00,2026-09-16 09:00:00,,450,paid;;;;;;;;;
883,297,14,2503,offline,confirmed,2026-09-25 09:00:00,2026-09-21 09:00:00,,1200,paid;;;;;;;;;
884,202,24,2181,offline,completed,2026-08-20 12:00:00,2026-08-15 12:00:00,,1200,paid;;;;;;;;;
885,230,19,1738,online,completed,2026-09-11 09:00:00,2026-09-05 09:00:00,,700,paid;;;;;;;;;
886,83,19,1670,online,completed,2026-09-17 18:00:00,2026-09-08 18:00:00,,900,paid;;;;;;;;;
887,67,26,2908,online,completed,2026-09-30 16:00:00,2026-09-18 16:00:00,,700,paid;;;;;;;;;
888,163,10,3950,offline,no_show,2026-08-18 17:00:00,2026-08-13 17:00:00,,500,pending;;;;;;;;;
889,213,7,573,offline,completed,2026-09-11 14:00:00,2026-09-07 14:00:00,,700,paid;;;;;;;;;
890,305,16,2489,online,completed,2026-09-29 17:00:00,2026-09-16 17:00:00,,500,paid;;;;;;;;;
891,332,9,1396,online,completed,2026-09-28 15:00:00,2026-09-24 15:00:00,,1200,paid;;;;;;;;;
892,79,4,808,online,pending,2026-09-20 15:00:00,2026-09-16 15:00:00,,900,unpaid;;;;;;;;;
893,165,34,1472,online,completed,2026-09-10 13:00:00,2026-09-07 13:00:00,,450,paid;;;;;;;;;
894,168,22,3920,online,no_show,2026-09-25 15:00:00,2026-09-12 15:00:00,,300,pending;;;;;;;;;
895,53,6,1989,online,completed,2026-09-24 15:00:00,2026-09-14 15:00:00,,800,paid;;;;;;;;;
896,355,26,1905,offline,no_show,2026-09-23 18:00:00,2026-09-18 18:00:00,,1000,pending;;;;;;;;;
897,374,28,11,online,completed,2026-08-29 10:00:00,2026-08-16 10:00:00,,350,paid;;;;;;;;;
898,61,12,2499,online,completed,2026-09-12 18:00:00,2026-09-09 18:00:00,,350,paid;;;;;;;;;
899,166,38,1858,offline,completed,2026-09-10 15:00:00,2026-08-30 15:00:00,,800,paid;;;;;;;;;
900,251,6,3559,offline,pending,2026-09-06 16:00:00,2026-08-30 16:00:00,,1200,refunded;;;;;;;;;
901,136,24,3232,online,pending,2026-08-27 12:00:00,2026-08-13 12:00:00,,400,pending;;;;;;;;;
902,351,10,3744,offline,completed,2026-09-05 16:00:00,2026-09-04 16:00:00,,350,paid;;;;;;;;;
903,155,20,2792,online,confirmed,2026-08-22 12:00:00,2026-08-18 12:00:00,,900,paid;;;;;;;;;
904,172,3,554,offline,completed,2026-08-22 16:00:00,2026-08-11 16:00:00,,350,paid;;;;;;;;;
905,204,22,3470,offline,no_show,2026-09-04 12:00:00,2026-08-28 12:00:00,,600,unpaid;;;;;;;;;
906,322,3,1617,offline,confirmed,2026-09-22 13:00:00,2026-09-15 13:00:00,,800,paid;;;;;;;;;
907,188,23,2872,online,completed,2026-09-21 13:00:00,2026-09-13 13:00:00,,1200,paid;;;;;;;;;
908,8,15,721,offline,completed,2026-08-17 11:00:00,2026-08-15 11:00:00,,500,paid;;;;;;;;;
909,310,17,2219,offline,completed,2026-09-25 10:00:00,2026-09-20 10:00:00,,600,paid;;;;;;;;;
910,386,13,1368,offline,completed,2026-10-01 18:00:00,2026-09-24 18:00:00,,900,paid;;;;;;;;;
911,297,38,1694,online,completed,2026-09-30 08:00:00,2026-09-21 08:00:00,,700,paid;;;;;;;;;
912,272,22,2747,offline,completed,2026-09-24 18:00:00,2026-09-18 18:00:00,,1200,paid;;;;;;;;;
913,143,23,2727,offline,pending,2026-09-19 15:00:00,2026-09-13 15:00:00,,400,unpaid;;;;;;;;;
914,151,8,211,offline,confirmed,2026-09-14 14:00:00,2026-09-09 14:00:00,,900,paid;;;;;;;;;
915,91,34,3444,online,completed,2026-09-26 10:00:00,2026-09-14 10:00:00,,450,paid;;;;;;;;;
916,345,5,1791,online,confirmed,2026-09-19 09:00:00,2026-09-07 09:00:00,,800,paid;;;;;;;;;
917,382,25,1322,online,cancelled,2026-09-16 14:00:00,2026-09-03 14:00:00,Rescheduled,1000,pending;;;;;;;;;
918,129,3,871,online,completed,2026-08-31 08:00:00,2026-08-30 08:00:00,,1000,paid;;;;;;;;;
919,378,12,477,online,pending,2026-09-03 18:00:00,2026-08-29 18:00:00,,300,pending;;;;;;;;;
920,263,37,3509,offline,completed,2026-09-13 09:00:00,2026-09-04 09:00:00,,350,paid;;;;;;;;;
921,167,25,1545,offline,completed,2026-09-04 16:00:00,2026-08-28 16:00:00,,450,paid;;;;;;;;;
922,293,11,2832,online,confirmed,2026-09-14 17:00:00,2026-09-12 17:00:00,,600,paid;;;;;;;;;
923,247,29,2960,online,completed,2026-09-27 11:00:00,2026-09-20 11:00:00,,1000,paid;;;;;;;;;
924,292,22,826,online,confirmed,2026-09-24 09:00:00,2026-09-13 09:00:00,,600,paid;;;;;;;;;
925,88,9,2901,online,completed,2026-09-01 16:00:00,2026-08-28 16:00:00,,800,paid;;;;;;;;;
926,62,8,2133,online,completed,2026-09-26 12:00:00,2026-09-22 12:00:00,,700,paid;;;;;;;;;
927,233,2,1616,online,completed,2026-09-30 10:00:00,2026-09-22 10:00:00,,350,paid;;;;;;;;;
928,109,10,805,online,completed,2026-08-25 10:00:00,2026-08-23 10:00:00,,800,paid;;;;;;;;;
929,356,4,3851,offline,pending,2026-09-06 17:00:00,2026-08-28 17:00:00,,600,unpaid;;;;;;;;;
930,162,26,2407,online,completed,2026-08-30 16:00:00,2026-08-26 16:00:00,,300,paid;;;;;;;;;
931,106,40,452,offline,confirmed,2026-09-23 18:00:00,2026-09-18 18:00:00,,400,paid;;;;;;;;;
932,214,31,1201,offline,completed,2026-09-28 08:00:00,2026-09-22 08:00:00,,800,paid;;;;;;;;;
933,283,11,95,online,cancelled,2026-09-24 15:00:00,2026-09-17 15:00:00,Patient request,300,unpaid;;;;;;;;;
934,130,25,3276,offline,confirmed,2026-09-09 14:00:00,2026-09-07 14:00:00,,900,paid;;;;;;;;;
935,244,13,1763,online,no_show,2026-08-31 18:00:00,2026-08-19 18:00:00,,1200,pending;;;;;;;;;
936,9,3,24,online,completed,2026-09-18 12:00:00,2026-09-17 12:00:00,,300,paid;;;;;;;;;
937,39,7,3040,offline,completed,2026-09-21 18:00:00,2026-09-07 18:00:00,,600,paid;;;;;;;;;
938,353,17,2520,offline,completed,2026-09-25 18:00:00,2026-09-11 18:00:00,,700,paid;;;;;;;;;
939,390,29,1440,offline,completed,2026-08-17 15:00:00,2026-08-04 15:00:00,,350,paid;;;;;;;;;
940,39,1,762,online,completed,2026-09-02 12:00:00,2026-08-27 12:00:00,,700,paid;;;;;;;;;
941,49,33,2525,online,confirmed,2026-09-30 14:00:00,2026-09-27 14:00:00,,800,paid;;;;;;;;;
942,250,28,422,offline,completed,2026-09-16 11:00:00,2026-09-07 11:00:00,,500,paid;;;;;;;;;
943,20,23,1665,offline,completed,2026-08-31 13:00:00,2026-08-28 13:00:00,,400,paid;;;;;;;;;
944,109,29,1385,offline,confirmed,2026-09-03 10:00:00,2026-08-26 10:00:00,,450,paid;;;;;;;;;
945,296,37,625,online,completed,2026-09-18 15:00:00,2026-09-10 15:00:00,,1000,paid;;;;;;;;;
946,261,23,2723,offline,completed,2026-08-31 13:00:00,2026-08-29 13:00:00,,300,paid;;;;;;;;;
947,389,15,478,offline,pending,2026-08-24 11:00:00,2026-08-11 11:00:00,,600,refunded;;;;;;;;;
948,306,16,2420,offline,completed,2026-09-23 14:00:00,2026-09-13 14:00:00,,1000,paid;;;;;;;;;
949,329,20,3141,online,confirmed,2026-08-28 13:00:00,2026-08-23 13:00:00,,1000,paid;;;;;;;;;
950,320,38,3881,online,completed,2026-08-30 12:00:00,2026-08-20 12:00:00,,600,paid;;;;;;;;;
951,183,20,2222,offline,no_show,2026-08-29 18:00:00,2026-08-21 18:00:00,,800,unpaid;;;;;;;;;
952,323,33,858,offline,confirmed,2026-09-09 14:00:00,2026-08-28 14:00:00,,700,paid;;;;;;;;;
953,147,14,1037,online,pending,2026-09-25 10:00:00,2026-09-18 10:00:00,,900,pending;;;;;;;;;
954,26,37,3187,offline,cancelled,2026-09-03 08:00:00,2026-08-25 08:00:00,Rescheduled,600,refunded;;;;;;;;;
955,2,6,2785,online,completed,2026-08-20 09:00:00,2026-08-07 09:00:00,,1000,paid;;;;;;;;;
956,398,12,2304,offline,completed,2026-09-20 09:00:00,2026-09-18 09:00:00,,700,paid;;;;;;;;;
957,9,23,436,offline,cancelled,2026-09-03 15:00:00,2026-08-24 15:00:00,Rescheduled,500,pending;;;;;;;;;
958,26,28,3166,online,completed,2026-08-28 09:00:00,2026-08-21 09:00:00,,500,paid;;;;;;;;;
959,336,11,525,offline,pending,2026-09-17 18:00:00,2026-09-05 18:00:00,,600,pending;;;;;;;;;
960,368,39,2810,online,confirmed,2026-08-26 09:00:00,2026-08-22 09:00:00,,300,paid;;;;;;;;;
961,83,38,2166,online,completed,2026-09-28 15:00:00,2026-09-18 15:00:00,,450,paid;;;;;;;;;
962,306,13,3735,online,completed,2026-09-15 10:00:00,2026-09-14 10:00:00,,700,paid;;;;;;;;;
963,34,11,3675,offline,confirmed,2026-09-27 13:00:00,2026-09-19 13:00:00,,600,paid;;;;;;;;;
964,207,10,3554,online,completed,2026-09-19 17:00:00,2026-09-18 17:00:00,,300,paid;;;;;;;;;
965,288,16,878,offline,completed,2026-09-15 11:00:00,2026-09-06 11:00:00,,700,paid;;;;;;;;;
966,41,26,3301,online,cancelled,2026-09-21 16:00:00,2026-09-10 16:00:00,Emergency,450,refunded;;;;;;;;;
967,122,37,191,online,completed,2026-09-17 12:00:00,2026-09-09 12:00:00,,300,paid;;;;;;;;;
968,353,34,3107,online,pending,2026-08-19 11:00:00,2026-08-17 11:00:00,,600,pending;;;;;;;;;
969,178,40,190,online,completed,2026-09-03 09:00:00,2026-08-25 09:00:00,,900,paid;;;;;;;;;
970,300,11,1299,online,completed,2026-09-23 14:00:00,2026-09-13 14:00:00,,500,paid;;;;;;;;;
971,372,14,3789,offline,no_show,2026-09-08 10:00:00,2026-08-30 10:00:00,,700,unpaid;;;;;;;;;
972,108,9,1153,offline,completed,2026-08-21 11:00:00,2026-08-14 11:00:00,,350,paid;;;;;;;;;
973,14,31,2053,online,confirmed,2026-08-23 14:00:00,2026-08-10 14:00:00,,1000,paid;;;;;;;;;
974,268,13,731,online,completed,2026-09-01 13:00:00,2026-08-27 13:00:00,,600,paid;;;;;;;;;
975,49,24,1981,online,cancelled,2026-09-02 14:00:00,2026-08-29 14:00:00,Patient request,450,unpaid;;;;;;;;;
976,196,18,242,online,cancelled,2026-09-01 18:00:00,2026-08-27 18:00:00,Rescheduled,1200,unpaid;;;;;;;;;
977,78,14,1300,offline,completed,2026-08-23 17:00:00,2026-08-13 17:00:00,,1200,paid;;;;;;;;;
978,299,34,2146,online,completed,2026-09-30 09:00:00,2026-09-26 09:00:00,,700,paid;;;;;;;;;
979,31,34,1280,online,completed,2026-08-20 15:00:00,2026-08-19 15:00:00,,1200,paid;;;;;;;;;
980,91,24,1262,online,completed,2026-09-05 18:00:00,2026-08-22 18:00:00,,400,paid;;;;;;;;;
981,341,30,2346,offline,completed,2026-09-27 11:00:00,2026-09-16 11:00:00,,450,paid;;;;;;;;;
982,15,29,3303,online,completed,2026-09-10 15:00:00,2026-09-08 15:00:00,,450,paid;;;;;;;;;
983,37,18,130,online,confirmed,2026-08-22 12:00:00,2026-08-14 12:00:00,,500,paid;;;;;;;;;
984,171,30,485,online,cancelled,2026-09-13 15:00:00,2026-08-30 15:00:00,Rescheduled,900,pending;;;;;;;;;
985,188,34,1172,online,confirmed,2026-08-19 08:00:00,2026-08-05 08:00:00,,600,paid;;;;;;;;;
986,141,18,2009,offline,completed,2026-09-16 16:00:00,2026-09-10 16:00:00,,450,paid;;;;;;;;;
987,1,38,2295,online,cancelled,2026-09-03 14:00:00,2026-08-20 14:00:00,Emergency,800,refunded;;;;;;;;;
988,298,6,2468,online,completed,2026-08-31 17:00:00,2026-08-17 17:00:00,,500,paid;;;;;;;;;
989,269,8,937,online,confirmed,2026-08-25 18:00:00,2026-08-17 18:00:00,,350,paid;;;;;;;;;
990,229,26,3517,offline,completed,2026-09-01 15:00:00,2026-08-29 15:00:00,,800,paid;;;;;;;;;
991,61,34,2006,online,pending,2026-09-17 12:00:00,2026-09-16 12:00:00,,350,unpaid;;;;;;;;;
992,37,25,1667,online,confirmed,2026-08-21 16:00:00,2026-08-14 16:00:00,,500,paid;;;;;;;;;
993,56,9,488,online,completed,2026-09-22 15:00:00,2026-09-14 15:00:00,,600,paid;;;;;;;;;
994,35,24,1158,offline,completed,2026-08-20 17:00:00,2026-08-07 17:00:00,,700,paid;;;;;;;;;
995,298,1,2294,offline,cancelled,2026-09-30 08:00:00,2026-09-27 08:00:00,Rescheduled,800,unpaid;;;;;;;;;
996,260,15,3327,online,completed,2026-09-10 09:00:00,2026-09-01 09:00:00,,450,paid;;;;;;;;;
997,154,18,993,offline,completed,2026-09-17 17:00:00,2026-09-14 17:00:00,,450,paid;;;;;;;;;
998,333,2,3954,offline,completed,2026-09-08 10:00:00,2026-09-04 10:00:00,,800,paid;;;;;;;;;
999,93,38,3509,offline,confirmed,2026-08-28 09:00:00,2026-08-22 09:00:00,,600,paid;;;;;;;;;
1000,350,26,1049,offline,completed,2026-08-26 11:00:00,2026-08-19 11:00:00,,350,paid;;;;;;;;;
