id,message_id,file_url,file_type,file_size_kb,uploaded_at
1,2536,https://cdn.example.md/uploads/msg_2536.mp3,audio/mpeg,4654,2026-08-23 18:00:00
2,2118,https://cdn.example.md/uploads/msg_2118.mp3,audio/mpeg,4184,2026-08-26 18:00:00
3,4102,https://cdn.example.md/uploads/msg_4102.mp3,audio/mpeg,1018,2026-08-24 09:00:00
4,767,https://cdn.example.md/uploads/msg_767.mp3,audio/mpeg,1365,2026-08-22 23:00:00
5,2604,https://cdn.example.md/uploads/msg_2604.mp3,audio/mpeg,4914,2026-09-01 00:00:00
6,505,https://cdn.example.md/uploads/msg_505.mp3,audio/mpeg,490,2026-08-18 09:00:00
7,1955,https://cdn.example.md/uploads/msg_1955.pdf,application/pdf,2337,2026-08-30 01:00:00
8,864,https://cdn.example.md/uploads/msg_864.mp3,audio/mpeg,1001,2026-08-20 01:00:00
9,808,https://cdn.example.md/uploads/msg_808.pdf,application/pdf,4882,2026-08-31 13:00:00
10,663,https://cdn.example.md/uploads/msg_663.jpg,image/jpeg,1037,2026-08-17 09:00:00
11,903,https://cdn.example.md/uploads/msg_903.pdf,application/pdf,2347,2026-08-24 19:00:00
12,2019,https://cdn.example.md/uploads/msg_2019.pdf,application/pdf,4286,2026-08-26 04:00:00
13,2454,https://cdn.example.md/uploads/msg_2454.jpg,image/jpeg,166,2026-08-16 23:00:00
14,3647,https://cdn.example.md/uploads/msg_3647.mp3,audio/mpeg,729,2026-08-29 07:00:00
15,3460,https://cdn.example.md/uploads/msg_3460.mp3,audio/mpeg,4537,2026-08-30 14:00:00
16,1525,https://cdn.example.md/uploads/msg_1525.mp3,audio/mpeg,4290,2026-08-11 01:00:00
17,3040,https://cdn.example.md/uploads/msg_3040.jpg,image/jpeg,746,2026-08-23 21:00:00
18,4426,https://cdn.example.md/uploads/msg_4426.jpg,image/jpeg,2484,2026-08-17 01:00:00
19,927,https://cdn.example.md/uploads/msg_927.mp3,audio/mpeg,1781,2026-08-30 06:00:00
20,4493,https://cdn.example.md/uploads/msg_4493.mp3,audio/mpeg,4676,2026-08-17 02:00:00
21,3400,https://cdn.example.md/uploads/msg_3400.pdf,application/pdf,1760,2026-08-15 21:00:00
22,1043,https://cdn.example.md/uploads/msg_1043.pdf,application/pdf,2263,2026-08-27 22:00:00
23,2169,https://cdn.example.md/uploads/msg_2169.jpg,image/jpeg,3620,2026-08-20 11:00:00
24,3739,https://cdn.example.md/uploads/msg_3739.mp3,audio/mpeg,2078,2026-08-12 05:00:00
25,4295,https://cdn.example.md/uploads/msg_4295.pdf,application/pdf,470,2026-08-22 09:00:00
26,1303,https://cdn.example.md/uploads/msg_1303.mp3,audio/mpeg,4735,2026-08-16 00:00:00
27,2142,https://cdn.example.md/uploads/msg_2142.mp3,audio/mpeg,1770,2026-08-27 21:00:00
28,2310,https://cdn.example.md/uploads/msg_2310.pdf,application/pdf,770,2026-08-27 20:00:00
29,2462,https://cdn.example.md/uploads/msg_2462.pdf,application/pdf,2421,2026-08-31 01:00:00
30,1784,https://cdn.example.md/uploads/msg_1784.pdf,application/pdf,2515,2026-08-29 23:00:00
31,3324,https://cdn.example.md/uploads/msg_3324.pdf,application/pdf,3047,2026-08-29 16:00:00
32,4159,https://cdn.example.md/uploads/msg_4159.jpg,image/jpeg,1192,2026-08-19 11:00:00
33,1031,https://cdn.example.md/uploads/msg_1031.mp3,audio/mpeg,633,2026-08-14 10:00:00
34,4090,https://cdn.example.md/uploads/msg_4090.pdf,application/pdf,4295,2026-08-29 01:00:00
35,1549,https://cdn.example.md/uploads/msg_1549.jpg,image/jpeg,918,2026-08-11 21:00:00
36,2177,https://cdn.example.md/uploads/msg_2177.jpg,image/jpeg,115,2026-08-24 17:00:00
37,2643,https://cdn.example.md/uploads/msg_2643.jpg,image/jpeg,3216,2026-08-27 13:00:00
38,2528,https://cdn.example.md/uploads/msg_2528.pdf,application/pdf,4184,2026-08-14 23:00:00
39,602,https://cdn.example.md/uploads/msg_602.jpg,image/jpeg,2182,2026-08-17 15:00:00
40,856,https://cdn.example.md/uploads/msg_856.mp3,audio/mpeg,1386,2026-08-12 09:00:00
41,3801,https://cdn.example.md/uploads/msg_3801.jpg,image/jpeg,1961,2026-08-23 22:00:00
42,1109,https://cdn.example.md/uploads/msg_1109.jpg,image/jpeg,2639,2026-08-20 17:00:00
43,4187,https://cdn.example.md/uploads/msg_4187.pdf,application/pdf,2182,2026-08-21 17:00:00
44,238,https://cdn.example.md/uploads/msg_238.mp3,audio/mpeg,3923,2026-08-12 22:00:00
45,234,https://cdn.example.md/uploads/msg_234.mp3,audio/mpeg,1103,2026-08-17 01:00:00
46,172,https://cdn.example.md/uploads/msg_172.mp3,audio/mpeg,1534,2026-08-18 14:00:00
47,3518,https://cdn.example.md/uploads/msg_3518.jpg,image/jpeg,3870,2026-08-28 02:00:00
48,2474,https://cdn.example.md/uploads/msg_2474.pdf,application/pdf,1991,2026-08-23 10:00:00
49,3721,https://cdn.example.md/uploads/msg_3721.pdf,application/pdf,4764,2026-08-15 11:00:00
50,146,https://cdn.example.md/uploads/msg_146.pdf,application/pdf,2488,2026-08-17 10:00:00
51,3776,https://cdn.example.md/uploads/msg_3776.mp3,audio/mpeg,2238,2026-08-14 13:00:00
52,2050,https://cdn.example.md/uploads/msg_2050.pdf,application/pdf,3138,2026-08-28 12:00:00
53,1640,https://cdn.example.md/uploads/msg_1640.jpg,image/jpeg,4907,2026-08-14 22:00:00
54,369,https://cdn.example.md/uploads/msg_369.mp3,audio/mpeg,1801,2026-08-27 21:00:00
55,3794,https://cdn.example.md/uploads/msg_3794.pdf,application/pdf,902,2026-08-26 09:00:00
56,3858,https://cdn.example.md/uploads/msg_3858.pdf,application/pdf,3596,2026-08-21 19:00:00
57,2143,https://cdn.example.md/uploads/msg_2143.mp3,audio/mpeg,50,2026-08-23 04:00:00
58,491,https://cdn.example.md/uploads/msg_491.mp3,audio/mpeg,616,2026-08-20 14:00:00
59,1046,https://cdn.example.md/uploads/msg_1046.jpg,image/jpeg,2937,2026-08-19 14:00:00
60,2799,https://cdn.example.md/uploads/msg_2799.pdf,application/pdf,1666,2026-08-31 14:00:00
61,3681,https://cdn.example.md/uploads/msg_3681.pdf,application/pdf,4450,2026-08-27 07:00:00
62,1533,https://cdn.example.md/uploads/msg_1533.mp3,audio/mpeg,1791,2026-08-26 15:00:00
63,2531,https://cdn.example.md/uploads/msg_2531.mp3,audio/mpeg,1408,2026-08-20 18:00:00
64,3158,https://cdn.example.md/uploads/msg_3158.mp3,audio/mpeg,4643,2026-08-12 13:00:00
65,2520,https://cdn.example.md/uploads/msg_2520.pdf,application/pdf,805,2026-08-18 03:00:00
66,4165,https://cdn.example.md/uploads/msg_4165.mp3,audio/mpeg,267,2026-08-23 11:00:00
67,3177,https://cdn.example.md/uploads/msg_3177.mp3,audio/mpeg,2425,2026-08-20 08:00:00
68,2039,https://cdn.example.md/uploads/msg_2039.jpg,image/jpeg,469,2026-08-19 13:00:00
69,267,https://cdn.example.md/uploads/msg_267.jpg,image/jpeg,849,2026-08-13 21:00:00
70,2102,https://cdn.example.md/uploads/msg_2102.mp3,audio/mpeg,1398,2026-08-19 05:00:00
71,942,https://cdn.example.md/uploads/msg_942.mp3,audio/mpeg,2806,2026-08-15 00:00:00
72,565,https://cdn.example.md/uploads/msg_565.pdf,application/pdf,324,2026-08-29 10:00:00
73,4142,https://cdn.example.md/uploads/msg_4142.mp3,audio/mpeg,1698,2026-08-31 10:00:00
74,212,https://cdn.example.md/uploads/msg_212.pdf,application/pdf,4593,2026-08-13 23:00:00
75,2857,https://cdn.example.md/uploads/msg_2857.pdf,application/pdf,3378,2026-08-16 07:00:00
76,661,https://cdn.example.md/uploads/msg_661.mp3,audio/mpeg,3994,2026-08-25 11:00:00
77,4244,https://cdn.example.md/uploads/msg_4244.pdf,application/pdf,3114,2026-08-18 10:00:00
78,1945,https://cdn.example.md/uploads/msg_1945.mp3,audio/mpeg,2858,2026-08-15 11:00:00
79,892,https://cdn.example.md/uploads/msg_892.jpg,image/jpeg,2250,2026-08-29 14:00:00
80,2081,https://cdn.example.md/uploads/msg_2081.pdf,application/pdf,2183,2026-08-29 08:00:00
81,3089,https://cdn.example.md/uploads/msg_3089.jpg,image/jpeg,4704,2026-08-21 14:00:00
82,2348,https://cdn.example.md/uploads/msg_2348.pdf,application/pdf,1639,2026-08-23 10:00:00
83,2418,https://cdn.example.md/uploads/msg_2418.mp3,audio/mpeg,436,2026-08-15 03:00:00
84,1323,https://cdn.example.md/uploads/msg_1323.pdf,application/pdf,426,2026-08-17 01:00:00
85,177,https://cdn.example.md/uploads/msg_177.pdf,application/pdf,2941,2026-08-24 05:00:00
86,917,https://cdn.example.md/uploads/msg_917.jpg,image/jpeg,1264,2026-08-14 04:00:00
87,3015,https://cdn.example.md/uploads/msg_3015.pdf,application/pdf,1097,2026-08-13 13:00:00
88,3955,https://cdn.example.md/uploads/msg_3955.mp3,audio/mpeg,2498,2026-08-27 16:00:00
89,356,https://cdn.example.md/uploads/msg_356.jpg,image/jpeg,283,2026-08-19 05:00:00
90,3251,https://cdn.example.md/uploads/msg_3251.jpg,image/jpeg,2306,2026-08-28 21:00:00
91,2591,https://cdn.example.md/uploads/msg_2591.jpg,image/jpeg,2543,2026-08-24 14:00:00
92,2371,https://cdn.example.md/uploads/msg_2371.mp3,audio/mpeg,2136,2026-08-19 02:00:00
93,2989,https://cdn.example.md/uploads/msg_2989.jpg,image/jpeg,493,2026-08-19 02:00:00
94,1922,https://cdn.example.md/uploads/msg_1922.pdf,application/pdf,4370,2026-08-21 11:00:00
95,1961,https://cdn.example.md/uploads/msg_1961.pdf,application/pdf,2713,2026-08-16 09:00:00
96,4061,https://cdn.example.md/uploads/msg_4061.jpg,image/jpeg,2956,2026-08-30 02:00:00
97,3585,https://cdn.example.md/uploads/msg_3585.mp3,audio/mpeg,1441,2026-08-26 02:00:00
98,3545,https://cdn.example.md/uploads/msg_3545.mp3,audio/mpeg,2698,2026-08-11 08:00:00
99,3226,https://cdn.example.md/uploads/msg_3226.mp3,audio/mpeg,3395,2026-08-24 20:00:00
100,3914,https://cdn.example.md/uploads/msg_3914.jpg,image/jpeg,4896,2026-08-14 17:00:00
101,1855,https://cdn.example.md/uploads/msg_1855.mp3,audio/mpeg,3556,2026-08-28 08:00:00
102,3868,https://cdn.example.md/uploads/msg_3868.pdf,application/pdf,141,2026-08-19 09:00:00
103,3382,https://cdn.example.md/uploads/msg_3382.mp3,audio/mpeg,1675,2026-08-22 14:00:00
104,657,https://cdn.example.md/uploads/msg_657.pdf,application/pdf,1923,2026-08-21 13:00:00
105,659,https://cdn.example.md/uploads/msg_659.jpg,image/jpeg,1798,2026-08-16 19:00:00
106,900,https://cdn.example.md/uploads/msg_900.pdf,application/pdf,3678,2026-08-14 08:00:00
107,2092,https://cdn.example.md/uploads/msg_2092.mp3,audio/mpeg,1024,2026-08-22 02:00:00
108,326,https://cdn.example.md/uploads/msg_326.pdf,application/pdf,162,2026-08-26 09:00:00
109,3576,https://cdn.example.md/uploads/msg_3576.mp3,audio/mpeg,739,2026-08-19 16:00:00
110,2714,https://cdn.example.md/uploads/msg_2714.pdf,application/pdf,3658,2026-08-23 11:00:00
111,1095,https://cdn.example.md/uploads/msg_1095.jpg,image/jpeg,2828,2026-08-19 11:00:00
112,525,https://cdn.example.md/uploads/msg_525.pdf,application/pdf,2778,2026-08-25 03:00:00
113,2098,https://cdn.example.md/uploads/msg_2098.jpg,image/jpeg,2973,2026-08-21 08:00:00
114,4491,https://cdn.example.md/uploads/msg_4491.jpg,image/jpeg,2615,2026-08-12 15:00:00
115,464,https://cdn.example.md/uploads/msg_464.pdf,application/pdf,4288,2026-08-30 13:00:00
116,3455,https://cdn.example.md/uploads/msg_3455.pdf,application/pdf,587,2026-08-21 19:00:00
117,3717,https://cdn.example.md/uploads/msg_3717.mp3,audio/mpeg,1877,2026-08-17 17:00:00
118,432,https://cdn.example.md/uploads/msg_432.mp3,audio/mpeg,3548,2026-08-19 18:00:00
119,4143,https://cdn.example.md/uploads/msg_4143.pdf,application/pdf,3613,2026-08-25 11:00:00
120,3567,https://cdn.example.md/uploads/msg_3567.mp3,audio/mpeg,4738,2026-08-27 04:00:00
121,2264,https://cdn.example.md/uploads/msg_2264.pdf,application/pdf,982,2026-08-22 02:00:00
122,4111,https://cdn.example.md/uploads/msg_4111.mp3,audio/mpeg,2469,2026-08-23 16:00:00
123,2762,https://cdn.example.md/uploads/msg_2762.pdf,application/pdf,4459,2026-08-22 12:00:00
124,794,https://cdn.example.md/uploads/msg_794.pdf,application/pdf,2604,2026-08-20 18:00:00
125,368,https://cdn.example.md/uploads/msg_368.pdf,application/pdf,3038,2026-08-25 02:00:00
126,889,https://cdn.example.md/uploads/msg_889.mp3,audio/mpeg,2857,2026-08-31 02:00:00
127,725,https://cdn.example.md/uploads/msg_725.pdf,application/pdf,4048,2026-08-18 15:00:00
128,2695,https://cdn.example.md/uploads/msg_2695.pdf,application/pdf,1239,2026-08-12 22:00:00
129,1983,https://cdn.example.md/uploads/msg_1983.pdf,application/pdf,165,2026-08-15 17:00:00
130,731,https://cdn.example.md/uploads/msg_731.mp3,audio/mpeg,1030,2026-08-22 00:00:00
131,3038,https://cdn.example.md/uploads/msg_3038.pdf,application/pdf,1709,2026-08-16 01:00:00
132,1766,https://cdn.example.md/uploads/msg_1766.mp3,audio/mpeg,1760,2026-08-17 19:00:00
133,4396,https://cdn.example.md/uploads/msg_4396.pdf,application/pdf,815,2026-08-20 03:00:00
134,2231,https://cdn.example.md/uploads/msg_2231.pdf,application/pdf,1107,2026-08-30 09:00:00
135,1271,https://cdn.example.md/uploads/msg_1271.jpg,image/jpeg,3725,2026-08-19 13:00:00
136,2569,https://cdn.example.md/uploads/msg_2569.jpg,image/jpeg,1337,2026-08-27 20:00:00
137,1086,https://cdn.example.md/uploads/msg_1086.pdf,application/pdf,3953,2026-08-16 20:00:00
138,936,https://cdn.example.md/uploads/msg_936.pdf,application/pdf,3458,2026-08-20 05:00:00
139,360,https://cdn.example.md/uploads/msg_360.mp3,audio/mpeg,4892,2026-08-12 16:00:00
140,3896,https://cdn.example.md/uploads/msg_3896.jpg,image/jpeg,4832,2026-08-13 15:00:00
141,2679,https://cdn.example.md/uploads/msg_2679.pdf,application/pdf,153,2026-08-26 07:00:00
142,1631,https://cdn.example.md/uploads/msg_1631.mp3,audio/mpeg,3103,2026-08-21 14:00:00
143,101,https://cdn.example.md/uploads/msg_101.mp3,audio/mpeg,1890,2026-08-24 01:00:00
144,508,https://cdn.example.md/uploads/msg_508.pdf,application/pdf,1038,2026-08-22 02:00:00
145,489,https://cdn.example.md/uploads/msg_489.jpg,image/jpeg,960,2026-08-31 22:00:00
146,506,https://cdn.example.md/uploads/msg_506.pdf,application/pdf,812,2026-08-27 02:00:00
147,1677,https://cdn.example.md/uploads/msg_1677.pdf,application/pdf,3037,2026-08-25 23:00:00
148,1145,https://cdn.example.md/uploads/msg_1145.jpg,image/jpeg,120,2026-08-21 11:00:00
149,2227,https://cdn.example.md/uploads/msg_2227.pdf,application/pdf,3915,2026-08-15 05:00:00
150,223,https://cdn.example.md/uploads/msg_223.mp3,audio/mpeg,3072,2026-08-23 02:00:00
151,3468,https://cdn.example.md/uploads/msg_3468.pdf,application/pdf,2890,2026-08-25 04:00:00
152,1680,https://cdn.example.md/uploads/msg_1680.pdf,application/pdf,4084,2026-08-27 11:00:00
153,3164,https://cdn.example.md/uploads/msg_3164.mp3,audio/mpeg,157,2026-08-12 03:00:00
154,3379,https://cdn.example.md/uploads/msg_3379.pdf,application/pdf,1488,2026-08-27 04:00:00
155,1503,https://cdn.example.md/uploads/msg_1503.jpg,image/jpeg,4270,2026-08-20 03:00:00
156,946,https://cdn.example.md/uploads/msg_946.jpg,image/jpeg,2983,2026-08-27 06:00:00
157,2703,https://cdn.example.md/uploads/msg_2703.jpg,image/jpeg,3610,2026-08-11 22:00:00
158,3523,https://cdn.example.md/uploads/msg_3523.jpg,image/jpeg,3581,2026-08-14 21:00:00
159,662,https://cdn.example.md/uploads/msg_662.mp3,audio/mpeg,646,2026-08-12 04:00:00
160,2736,https://cdn.example.md/uploads/msg_2736.mp3,audio/mpeg,2072,2026-08-25 18:00:00
161,4189,https://cdn.example.md/uploads/msg_4189.pdf,application/pdf,1001,2026-08-12 17:00:00
162,1993,https://cdn.example.md/uploads/msg_1993.jpg,image/jpeg,1807,2026-08-12 16:00:00
163,2549,https://cdn.example.md/uploads/msg_2549.mp3,audio/mpeg,4654,2026-08-20 16:00:00
164,1480,https://cdn.example.md/uploads/msg_1480.mp3,audio/mpeg,267,2026-08-13 15:00:00
165,2746,https://cdn.example.md/uploads/msg_2746.pdf,application/pdf,1926,2026-08-20 11:00:00
166,2447,https://cdn.example.md/uploads/msg_2447.mp3,audio/mpeg,3652,2026-08-28 10:00:00
167,1836,https://cdn.example.md/uploads/msg_1836.jpg,image/jpeg,346,2026-08-28 22:00:00
168,3029,https://cdn.example.md/uploads/msg_3029.pdf,application/pdf,3724,2026-08-11 12:00:00
169,4259,https://cdn.example.md/uploads/msg_4259.pdf,application/pdf,4040,2026-08-25 07:00:00
170,2770,https://cdn.example.md/uploads/msg_2770.pdf,application/pdf,2539,2026-08-26 16:00:00
171,413,https://cdn.example.md/uploads/msg_413.mp3,audio/mpeg,4777,2026-08-21 05:00:00
172,581,https://cdn.example.md/uploads/msg_581.mp3,audio/mpeg,2817,2026-08-20 13:00:00
173,985,https://cdn.example.md/uploads/msg_985.pdf,application/pdf,3713,2026-08-16 00:00:00
174,4283,https://cdn.example.md/uploads/msg_4283.mp3,audio/mpeg,3880,2026-08-29 00:00:00
175,3108,https://cdn.example.md/uploads/msg_3108.mp3,audio/mpeg,3325,2026-08-11 13:00:00
176,3616,https://cdn.example.md/uploads/msg_3616.pdf,application/pdf,4371,2026-08-26 21:00:00
177,2469,https://cdn.example.md/uploads/msg_2469.jpg,image/jpeg,2686,2026-08-30 14:00:00
178,258,https://cdn.example.md/uploads/msg_258.pdf,application/pdf,4541,2026-08-13 23:00:00
179,2287,https://cdn.example.md/uploads/msg_2287.jpg,image/jpeg,2860,2026-08-29 15:00:00
180,3753,https://cdn.example.md/uploads/msg_3753.pdf,application/pdf,2681,2026-08-14 14:00:00
181,3889,https://cdn.example.md/uploads/msg_3889.pdf,application/pdf,1976,2026-08-30 05:00:00
182,1113,https://cdn.example.md/uploads/msg_1113.pdf,application/pdf,2419,2026-08-25 16:00:00
183,4331,https://cdn.example.md/uploads/msg_4331.jpg,image/jpeg,2864,2026-08-26 04:00:00
184,781,https://cdn.example.md/uploads/msg_781.mp3,audio/mpeg,1450,2026-08-24 13:00:00
185,2329,https://cdn.example.md/uploads/msg_2329.mp3,audio/mpeg,1880,2026-08-15 06:00:00
186,1068,https://cdn.example.md/uploads/msg_1068.pdf,application/pdf,3834,2026-08-23 04:00:00
187,3730,https://cdn.example.md/uploads/msg_3730.jpg,image/jpeg,4469,2026-08-12 04:00:00
188,4465,https://cdn.example.md/uploads/msg_4465.mp3,audio/mpeg,3742,2026-08-16 23:00:00
189,3500,https://cdn.example.md/uploads/msg_3500.pdf,application/pdf,2462,2026-08-25 05:00:00
190,1305,https://cdn.example.md/uploads/msg_1305.pdf,application/pdf,3060,2026-08-12 10:00:00
191,313,https://cdn.example.md/uploads/msg_313.mp3,audio/mpeg,2222,2026-08-27 03:00:00
192,759,https://cdn.example.md/uploads/msg_759.jpg,image/jpeg,1717,2026-08-16 15:00:00
193,3376,https://cdn.example.md/uploads/msg_3376.pdf,application/pdf,251,2026-08-25 08:00:00
194,4041,https://cdn.example.md/uploads/msg_4041.mp3,audio/mpeg,4933,2026-08-30 01:00:00
195,2133,https://cdn.example.md/uploads/msg_2133.jpg,image/jpeg,1138,2026-08-21 22:00:00
196,488,https://cdn.example.md/uploads/msg_488.mp3,audio/mpeg,454,2026-08-18 07:00:00
197,422,https://cdn.example.md/uploads/msg_422.jpg,image/jpeg,3885,2026-08-16 07:00:00
198,610,https://cdn.example.md/uploads/msg_610.jpg,image/jpeg,4605,2026-08-24 14:00:00
199,901,https://cdn.example.md/uploads/msg_901.mp3,audio/mpeg,182,2026-08-14 15:00:00
200,4097,https://cdn.example.md/uploads/msg_4097.pdf,application/pdf,4739,2026-08-31 10:00:00
201,1971,https://cdn.example.md/uploads/msg_1971.mp3,audio/mpeg,3669,2026-08-11 11:00:00
202,3409,https://cdn.example.md/uploads/msg_3409.jpg,image/jpeg,2330,2026-08-19 06:00:00
203,1570,https://cdn.example.md/uploads/msg_1570.pdf,application/pdf,2140,2026-08-18 23:00:00
204,4301,https://cdn.example.md/uploads/msg_4301.jpg,image/jpeg,1255,2026-08-25 23:00:00
205,3879,https://cdn.example.md/uploads/msg_3879.jpg,image/jpeg,308,2026-08-28 21:00:00
206,1008,https://cdn.example.md/uploads/msg_1008.mp3,audio/mpeg,4470,2026-08-18 17:00:00
207,3316,https://cdn.example.md/uploads/msg_3316.pdf,application/pdf,133,2026-08-14 22:00:00
208,1977,https://cdn.example.md/uploads/msg_1977.pdf,application/pdf,1528,2026-08-31 02:00:00
209,4006,https://cdn.example.md/uploads/msg_4006.pdf,application/pdf,2331,2026-08-28 16:00:00
210,1492,https://cdn.example.md/uploads/msg_1492.pdf,application/pdf,2286,2026-08-19 16:00:00
211,1825,https://cdn.example.md/uploads/msg_1825.jpg,image/jpeg,3114,2026-08-20 20:00:00
212,1423,https://cdn.example.md/uploads/msg_1423.mp3,audio/mpeg,3701,2026-08-29 11:00:00
213,403,https://cdn.example.md/uploads/msg_403.mp3,audio/mpeg,3631,2026-08-24 18:00:00
214,3003,https://cdn.example.md/uploads/msg_3003.jpg,image/jpeg,4882,2026-08-19 13:00:00
215,3351,https://cdn.example.md/uploads/msg_3351.jpg,image/jpeg,3092,2026-08-20 06:00:00
216,2375,https://cdn.example.md/uploads/msg_2375.mp3,audio/mpeg,1941,2026-08-31 02:00:00
217,4017,https://cdn.example.md/uploads/msg_4017.pdf,application/pdf,4871,2026-08-24 00:00:00
218,2449,https://cdn.example.md/uploads/msg_2449.jpg,image/jpeg,2366,2026-08-11 22:00:00
219,3731,https://cdn.example.md/uploads/msg_3731.jpg,image/jpeg,3098,2026-08-29 07:00:00
220,433,https://cdn.example.md/uploads/msg_433.mp3,audio/mpeg,2643,2026-08-24 12:00:00
221,4146,https://cdn.example.md/uploads/msg_4146.jpg,image/jpeg,4536,2026-08-13 00:00:00
222,1781,https://cdn.example.md/uploads/msg_1781.jpg,image/jpeg,4361,2026-08-14 04:00:00
223,1574,https://cdn.example.md/uploads/msg_1574.mp3,audio/mpeg,4992,2026-08-18 06:00:00
224,4388,https://cdn.example.md/uploads/msg_4388.mp3,audio/mpeg,2454,2026-08-20 08:00:00
225,4114,https://cdn.example.md/uploads/msg_4114.jpg,image/jpeg,4443,2026-08-12 22:00:00
226,2925,https://cdn.example.md/uploads/msg_2925.jpg,image/jpeg,3158,2026-08-23 21:00:00
227,3223,https://cdn.example.md/uploads/msg_3223.pdf,application/pdf,935,2026-08-22 11:00:00
228,3792,https://cdn.example.md/uploads/msg_3792.pdf,application/pdf,3907,2026-08-11 08:00:00
229,2793,https://cdn.example.md/uploads/msg_2793.mp3,audio/mpeg,2593,2026-08-21 15:00:00
230,3881,https://cdn.example.md/uploads/msg_3881.mp3,audio/mpeg,4120,2026-08-29 23:00:00
231,1115,https://cdn.example.md/uploads/msg_1115.jpg,image/jpeg,187,2026-08-18 17:00:00
232,4033,https://cdn.example.md/uploads/msg_4033.mp3,audio/mpeg,4248,2026-08-13 14:00:00
233,376,https://cdn.example.md/uploads/msg_376.pdf,application/pdf,2450,2026-08-30 01:00:00
234,3271,https://cdn.example.md/uploads/msg_3271.pdf,application/pdf,4170,2026-08-21 21:00:00
235,2391,https://cdn.example.md/uploads/msg_2391.mp3,audio/mpeg,4138,2026-08-14 07:00:00
236,2571,https://cdn.example.md/uploads/msg_2571.jpg,image/jpeg,2042,2026-08-26 04:00:00
237,1028,https://cdn.example.md/uploads/msg_1028.mp3,audio/mpeg,2674,2026-08-30 09:00:00
238,574,https://cdn.example.md/uploads/msg_574.jpg,image/jpeg,4354,2026-08-30 11:00:00
239,1299,https://cdn.example.md/uploads/msg_1299.jpg,image/jpeg,1272,2026-08-30 14:00:00
240,2077,https://cdn.example.md/uploads/msg_2077.pdf,application/pdf,4069,2026-08-20 08:00:00
241,4270,https://cdn.example.md/uploads/msg_4270.mp3,audio/mpeg,2229,2026-08-24 08:00:00
242,3415,https://cdn.example.md/uploads/msg_3415.mp3,audio/mpeg,4171,2026-08-23 06:00:00
243,1342,https://cdn.example.md/uploads/msg_1342.jpg,image/jpeg,3823,2026-08-24 20:00:00
244,3222,https://cdn.example.md/uploads/msg_3222.pdf,application/pdf,2895,2026-08-26 11:00:00
245,2018,https://cdn.example.md/uploads/msg_2018.pdf,application/pdf,1097,2026-08-23 06:00:00
246,1800,https://cdn.example.md/uploads/msg_1800.jpg,image/jpeg,2695,2026-08-21 02:00:00
247,2771,https://cdn.example.md/uploads/msg_2771.pdf,application/pdf,1535,2026-08-21 20:00:00
248,3472,https://cdn.example.md/uploads/msg_3472.mp3,audio/mpeg,3474,2026-08-22 01:00:00
249,126,https://cdn.example.md/uploads/msg_126.pdf,application/pdf,835,2026-08-20 17:00:00
250,1715,https://cdn.example.md/uploads/msg_1715.pdf,application/pdf,624,2026-08-20 20:00:00
251,1163,https://cdn.example.md/uploads/msg_1163.mp3,audio/mpeg,312,2026-08-31 14:00:00
252,971,https://cdn.example.md/uploads/msg_971.mp3,audio/mpeg,3657,2026-08-19 15:00:00
253,427,https://cdn.example.md/uploads/msg_427.pdf,application/pdf,352,2026-08-24 21:00:00
254,1691,https://cdn.example.md/uploads/msg_1691.pdf,application/pdf,2515,2026-08-31 23:00:00
255,4257,https://cdn.example.md/uploads/msg_4257.jpg,image/jpeg,3907,2026-08-15 07:00:00
256,1371,https://cdn.example.md/uploads/msg_1371.mp3,audio/mpeg,2520,2026-08-26 15:00:00
257,1160,https://cdn.example.md/uploads/msg_1160.pdf,application/pdf,3686,2026-08-30 17:00:00
258,1883,https://cdn.example.md/uploads/msg_1883.jpg,image/jpeg,3452,2026-08-30 14:00:00
259,1783,https://cdn.example.md/uploads/msg_1783.jpg,image/jpeg,3156,2026-08-19 02:00:00
260,693,https://cdn.example.md/uploads/msg_693.pdf,application/pdf,1722,2026-08-28 06:00:00
261,543,https://cdn.example.md/uploads/msg_543.pdf,application/pdf,2885,2026-08-31 02:00:00
262,593,https://cdn.example.md/uploads/msg_593.jpg,image/jpeg,4027,2026-08-23 07:00:00
263,4035,https://cdn.example.md/uploads/msg_4035.pdf,application/pdf,4492,2026-08-19 02:00:00
264,634,https://cdn.example.md/uploads/msg_634.mp3,audio/mpeg,3575,2026-08-20 16:00:00
265,1022,https://cdn.example.md/uploads/msg_1022.mp3,audio/mpeg,2569,2026-08-27 07:00:00
266,1877,https://cdn.example.md/uploads/msg_1877.jpg,image/jpeg,1862,2026-08-28 20:00:00
267,915,https://cdn.example.md/uploads/msg_915.jpg,image/jpeg,1215,2026-08-18 01:00:00
268,4238,https://cdn.example.md/uploads/msg_4238.pdf,application/pdf,306,2026-08-20 10:00:00
269,157,https://cdn.example.md/uploads/msg_157.pdf,application/pdf,287,2026-08-17 12:00:00
270,373,https://cdn.example.md/uploads/msg_373.jpg,image/jpeg,1431,2026-08-27 07:00:00
271,3520,https://cdn.example.md/uploads/msg_3520.jpg,image/jpeg,4478,2026-08-23 13:00:00
272,439,https://cdn.example.md/uploads/msg_439.mp3,audio/mpeg,985,2026-08-15 20:00:00
273,3499,https://cdn.example.md/uploads/msg_3499.pdf,application/pdf,611,2026-08-29 12:00:00
274,3775,https://cdn.example.md/uploads/msg_3775.mp3,audio/mpeg,4533,2026-08-19 01:00:00
275,3317,https://cdn.example.md/uploads/msg_3317.pdf,application/pdf,3117,2026-08-18 00:00:00
276,1243,https://cdn.example.md/uploads/msg_1243.jpg,image/jpeg,99,2026-08-25 06:00:00
277,1872,https://cdn.example.md/uploads/msg_1872.pdf,application/pdf,82,2026-08-12 15:00:00
278,4015,https://cdn.example.md/uploads/msg_4015.pdf,application/pdf,2359,2026-08-29 10:00:00
279,2002,https://cdn.example.md/uploads/msg_2002.mp3,audio/mpeg,4457,2026-08-31 12:00:00
280,1231,https://cdn.example.md/uploads/msg_1231.mp3,audio/mpeg,3683,2026-08-11 17:00:00
281,1066,https://cdn.example.md/uploads/msg_1066.mp3,audio/mpeg,4215,2026-08-26 05:00:00
282,4016,https://cdn.example.md/uploads/msg_4016.mp3,audio/mpeg,3674,2026-08-14 13:00:00
283,476,https://cdn.example.md/uploads/msg_476.mp3,audio/mpeg,184,2026-08-20 00:00:00
284,4213,https://cdn.example.md/uploads/msg_4213.pdf,application/pdf,2082,2026-08-24 04:00:00
285,130,https://cdn.example.md/uploads/msg_130.jpg,image/jpeg,3179,2026-08-29 12:00:00
286,1597,https://cdn.example.md/uploads/msg_1597.mp3,audio/mpeg,3263,2026-08-26 06:00:00
287,3370,https://cdn.example.md/uploads/msg_3370.mp3,audio/mpeg,2220,2026-08-24 09:00:00
288,994,https://cdn.example.md/uploads/msg_994.jpg,image/jpeg,2538,2026-08-22 12:00:00
289,4188,https://cdn.example.md/uploads/msg_4188.pdf,application/pdf,3131,2026-08-16 00:00:00
290,1723,https://cdn.example.md/uploads/msg_1723.pdf,application/pdf,444,2026-08-30 22:00:00
291,1840,https://cdn.example.md/uploads/msg_1840.jpg,image/jpeg,3106,2026-08-16 02:00:00
292,3211,https://cdn.example.md/uploads/msg_3211.mp3,audio/mpeg,3600,2026-08-16 11:00:00
293,2859,https://cdn.example.md/uploads/msg_2859.mp3,audio/mpeg,1137,2026-08-15 10:00:00
294,1355,https://cdn.example.md/uploads/msg_1355.pdf,application/pdf,1523,2026-08-11 13:00:00
295,3539,https://cdn.example.md/uploads/msg_3539.jpg,image/jpeg,2921,2026-08-14 16:00:00
296,114,https://cdn.example.md/uploads/msg_114.pdf,application/pdf,1642,2026-08-15 00:00:00
297,3676,https://cdn.example.md/uploads/msg_3676.pdf,application/pdf,1515,2026-08-12 12:00:00
298,458,https://cdn.example.md/uploads/msg_458.pdf,application/pdf,1065,2026-08-30 22:00:00
299,4009,https://cdn.example.md/uploads/msg_4009.mp3,audio/mpeg,2062,2026-08-17 03:00:00
300,839,https://cdn.example.md/uploads/msg_839.mp3,audio/mpeg,431,2026-08-16 06:00:00
