id;patient_id;doctor_id;created_at
1,382,36,572,closed,2026-08-12 00:00:00,2026-08-12 22:00:00;;;
2,354,8,129,closed,2026-08-18 00:00:00,2026-08-20 20:00:00;;;
3,214,13,539,closed,2026-08-21 00:00:00,2026-08-22 18:00:00;;;
4,51,10,113,open,2026-08-21 00:00:00,2026-08-22 09:00:00;;;
5,208,37,877,closed,2026-08-18 00:00:00,2026-08-20 18:00:00;;;
6,259,34,64,closed,2026-08-14 00:00:00,2026-08-14 17:00:00;;;
7,51,15,566,closed,2026-08-28 00:00:00,2026-08-29 22:00:00;;;
8,239,35,177,closed,2026-08-25 00:00:00,2026-08-26 13:00:00;;;
9,198,21,583,open,2026-08-12 00:00:00,2026-08-14 08:00:00;;;
10,373,12,288,closed,2026-08-16 00:00:00,2026-08-18 04:00:00;;;
11,356,3,651,closed,2026-08-27 00:00:00,2026-08-28 13:00:00;;;
12,52,1,7,open,2026-08-17 00:00:00,2026-08-19 16:00:00;;;
13,260,11,30,open,2026-08-30 00:00:00,2026-08-31 22:00:00;;;
14,251,6,900,closed,2026-08-20 00:00:00,2026-08-20 15:00:00;;;
15,180,11,109,closed,2026-08-14 00:00:00,2026-08-14 15:00:00;;;
16,90,17,727,open,2026-08-23 00:00:00,2026-08-24 08:00:00;;;
17,69,20,6,open,2026-08-21 00:00:00,2026-08-23 14:00:00;;;
18,273,31,498,closed,2026-08-25 00:00:00,2026-08-25 04:00:00;;;
19,192,24,851,open,2026-08-27 00:00:00,2026-08-29 05:00:00;;;
20,260,25,265,open,2026-08-23 00:00:00,2026-08-25 03:00:00;;;
21,106,40,931,closed,2026-08-28 00:00:00,2026-08-30 21:00:00;;;
22,334,32,221,open,2026-08-28 00:00:00,2026-08-28 17:00:00;;;
23,96,2,879,open,2026-08-12 00:00:00,2026-08-14 23:00:00;;;
24,317,33,187,open,2026-08-12 00:00:00,2026-08-12 20:00:00;;;
25,58,10,186,closed,2026-08-27 00:00:00,2026-08-28 22:00:00;;;
26,211,36,578,open,2026-08-26 00:00:00,2026-08-28 09:00:00;;;
27,36,10,509,open,2026-08-29 00:00:00,2026-08-30 00:00:00;;;
28,122,8,245,open,2026-08-20 00:00:00,2026-08-21 07:00:00;;;
29,336,37,506,open,2026-08-24 00:00:00,2026-08-25 19:00:00;;;
30,88,11,193,closed,2026-08-31 00:00:00,2026-09-02 17:00:00;;;
31,136,4,348,open,2026-08-23 00:00:00,2026-08-25 00:00:00;;;
32,190,1,624,closed,2026-08-31 00:00:00,2026-09-01 17:00:00;;;
33,146,8,426,closed,2026-08-14 00:00:00,2026-08-16 00:00:00;;;
34,274,33,469,closed,2026-08-12 00:00:00,2026-08-14 05:00:00;;;
35,211,32,789,closed,2026-08-30 00:00:00,2026-08-30 23:00:00;;;
36,356,4,929,open,2026-08-19 00:00:00,2026-08-19 10:00:00;;;
37,306,18,602,open,2026-08-29 00:00:00,2026-08-30 06:00:00;;;
38,221,11,55,open,2026-09-01 00:00:00,2026-09-03 07:00:00;;;
39,278,37,834,closed,2026-08-23 00:00:00,2026-08-23 03:00:00;;;
40,58,19,323,closed,2026-08-25 00:00:00,2026-08-26 22:00:00;;;
41,260,29,145,closed,2026-08-31 00:00:00,2026-09-01 13:00:00;;;
42,226,26,21,open,2026-08-17 00:00:00,2026-08-17 17:00:00;;;
43,268,3,850,closed,2026-08-18 00:00:00,2026-08-18 23:00:00;;;
44,399,14,492,closed,2026-08-26 00:00:00,2026-08-28 06:00:00;;;
45,215,24,838,open,2026-08-12 00:00:00,2026-08-13 01:00:00;;;
46,24,5,501,closed,2026-08-23 00:00:00,2026-08-23 12:00:00;;;
47,9,5,57,closed,2026-08-27 00:00:00,2026-08-29 17:00:00;;;
48,32,37,691,closed,2026-08-18 00:00:00,2026-08-18 21:00:00;;;
49,305,16,890,closed,2026-08-25 00:00:00,2026-08-25 17:00:00;;;
50,75,38,601,closed,2026-09-01 00:00:00,2026-09-02 06:00:00;;;
51,78,14,977,closed,2026-08-23 00:00:00,2026-08-24 00:00:00;;;
52,251,18,222,closed,2026-08-23 00:00:00,2026-08-23 14:00:00;;;
53,353,24,511,closed,2026-08-15 00:00:00,2026-08-17 08:00:00;;;
54,39,21,681,closed,2026-08-17 00:00:00,2026-08-17 12:00:00;;;
55,355,26,340,open,2026-08-14 00:00:00,2026-08-16 09:00:00;;;
56,45,19,414,open,2026-08-20 00:00:00,2026-08-21 02:00:00;;;
57,145,27,233,closed,2026-08-17 00:00:00,2026-08-17 10:00:00;;;
58,328,14,554,closed,2026-08-12 00:00:00,2026-08-14 14:00:00;;;
59,108,9,972,closed,2026-08-30 00:00:00,2026-08-31 06:00:00;;;
60,119,33,741,closed,2026-08-19 00:00:00,2026-08-21 18:00:00;;;
61,319,17,714,open,2026-08-25 00:00:00,2026-08-25 21:00:00;;;
62,286,2,11,closed,2026-08-20 00:00:00,2026-08-20 04:00:00;;;
63,298,6,988,closed,2026-08-30 00:00:00,2026-08-31 08:00:00;;;
64,37,24,746,closed,2026-08-22 00:00:00,2026-08-23 13:00:00;;;
65,79,27,89,closed,2026-08-27 00:00:00,2026-08-27 06:00:00;;;
66,368,39,960,closed,2026-08-28 00:00:00,2026-08-29 18:00:00;;;
67,296,7,551,closed,2026-08-18 00:00:00,2026-08-19 08:00:00;;;
68,130,21,716,closed,2026-08-31 00:00:00,2026-09-01 09:00:00;;;
69,299,34,978,closed,2026-08-21 00:00:00,2026-08-23 12:00:00;;;
70,259,18,491,closed,2026-08-22 00:00:00,2026-08-24 14:00:00;;;
71,156,6,219,closed,2026-08-19 00:00:00,2026-08-20 19:00:00;;;
72,71,27,526,closed,2026-08-26 00:00:00,2026-08-28 09:00:00;;;
73,338,38,482,closed,2026-08-12 00:00:00,2026-08-13 13:00:00;;;
74,22,12,749,closed,2026-08-23 00:00:00,2026-08-23 10:00:00;;;
75,22,6,724,open,2026-08-22 00:00:00,2026-08-24 22:00:00;;;
76,188,29,272,open,2026-08-17 00:00:00,2026-08-18 08:00:00;;;
77,266,25,778,open,2026-08-20 00:00:00,2026-08-21 14:00:00;;;
78,104,6,784,closed,2026-08-16 00:00:00,2026-08-18 23:00:00;;;
79,237,24,297,open,2026-08-14 00:00:00,2026-08-15 11:00:00;;;
80,388,2,699,closed,2026-08-23 00:00:00,2026-08-23 16:00:00;;;
81,250,5,134,open,2026-08-12 00:00:00,2026-08-13 23:00:00;;;
82,137,2,631,closed,2026-08-24 00:00:00,2026-08-24 09:00:00;;;
83,279,15,166,closed,2026-08-15 00:00:00,2026-08-15 16:00:00;;;
84,206,5,223,closed,2026-08-16 00:00:00,2026-08-16 16:00:00;;;
85,337,8,490,open,2026-08-17 00:00:00,2026-08-19 11:00:00;;;
86,345,12,195,closed,2026-08-18 00:00:00,2026-08-19 06:00:00;;;
87,362,24,71,closed,2026-08-25 00:00:00,2026-08-26 14:00:00;;;
88,220,25,164,closed,2026-08-24 00:00:00,2026-08-26 04:00:00;;;
89,56,40,756,closed,2026-08-16 00:00:00,2026-08-19 00:00:00;;;
90,359,18,204,open,2026-08-18 00:00:00,2026-08-18 16:00:00;;;
91,299,20,644,closed,2026-08-22 00:00:00,2026-08-24 17:00:00;;;
92,122,37,967,open,2026-08-29 00:00:00,2026-08-30 04:00:00;;;
93,161,39,380,open,2026-09-01 00:00:00,2026-09-03 21:00:00;;;
94,293,25,238,open,2026-08-31 00:00:00,2026-09-01 22:00:00;;;
95,147,31,546,closed,2026-08-16 00:00:00,2026-08-17 00:00:00;;;
96,366,23,20,closed,2026-08-20 00:00:00,2026-08-21 09:00:00;;;
97,41,31,544,closed,2026-08-25 00:00:00,2026-08-26 06:00:00;;;
98,33,5,347,closed,2026-08-12 00:00:00,2026-08-12 21:00:00;;;
99,88,9,17,open,2026-08-19 00:00:00,2026-08-21 08:00:00;;;
100,244,29,276,open,2026-08-22 00:00:00,2026-08-23 12:00:00;;;
101,84,11,607,closed,2026-08-14 00:00:00,2026-08-16 07:00:00;;;
102,264,23,385,closed,2026-08-30 00:00:00,2026-08-31 00:00:00;;;
103,362,15,765,closed,2026-08-17 00:00:00,2026-08-17 07:00:00;;;
104,43,33,726,closed,2026-08-18 00:00:00,2026-08-20 15:00:00;;;
105,49,33,941,open,2026-08-29 00:00:00,2026-08-30 08:00:00;;;
106,222,32,311,closed,2026-08-31 00:00:00,2026-08-31 22:00:00;;;
107,308,19,512,closed,2026-08-29 00:00:00,2026-08-30 04:00:00;;;
108,49,18,237,closed,2026-08-24 00:00:00,2026-08-26 12:00:00;;;
109,29,29,508,closed,2026-08-28 00:00:00,2026-08-29 02:00:00;;;
110,388,29,279,closed,2026-08-27 00:00:00,2026-08-29 02:00:00;;;
111,178,12,400,closed,2026-08-23 00:00:00,2026-08-24 22:00:00;;;
112,216,9,29,closed,2026-08-27 00:00:00,2026-08-27 08:00:00;;;
113,18,14,320,open,2026-08-25 00:00:00,2026-08-26 22:00:00;;;
114,145,29,832,open,2026-08-23 00:00:00,2026-08-25 19:00:00;;;
115,399,4,141,open,2026-08-15 00:00:00,2026-08-17 23:00:00;;;
116,281,33,570,closed,2026-08-23 00:00:00,2026-08-23 18:00:00;;;
117,336,12,19,closed,2026-08-14 00:00:00,2026-08-15 04:00:00;;;
118,193,8,598,open,2026-08-20 00:00:00,2026-08-20 16:00:00;;;
119,247,35,780,closed,2026-08-25 00:00:00,2026-08-25 14:00:00;;;
120,166,36,457,open,2026-08-13 00:00:00,2026-08-14 15:00:00;;;
121,293,11,922,closed,2026-08-30 00:00:00,2026-08-31 18:00:00;;;
122,347,10,701,closed,2026-08-22 00:00:00,2026-08-23 03:00:00;;;
123,351,10,902,closed,2026-09-01 00:00:00,2026-09-03 02:00:00;;;
124,117,9,354,closed,2026-08-17 00:00:00,2026-08-19 06:00:00;;;
125,47,26,321,open,2026-08-18 00:00:00,2026-08-18 02:00:00;;;
126,259,24,104,open,2026-08-31 00:00:00,2026-08-31 20:00:00;;;
127,308,32,790,closed,2026-08-18 00:00:00,2026-08-18 01:00:00;;;
128,93,29,310,closed,2026-08-18 00:00:00,2026-08-19 05:00:00;;;
129,14,30,656,open,2026-08-26 00:00:00,2026-08-26 21:00:00;;;
130,63,16,781,closed,2026-08-29 00:00:00,2026-08-29 20:00:00;;;
131,115,3,271,open,2026-08-25 00:00:00,2026-08-26 03:00:00;;;
132,292,13,110,open,2026-08-27 00:00:00,2026-08-27 03:00:00;;;
133,382,23,662,open,2026-08-22 00:00:00,2026-08-23 18:00:00;;;
134,155,25,521,closed,2026-08-23 00:00:00,2026-08-24 02:00:00;;;
135,370,8,654,closed,2026-08-26 00:00:00,2026-08-26 14:00:00;;;
136,49,24,763,open,2026-08-16 00:00:00,2026-08-17 22:00:00;;;
137,31,34,979,open,2026-08-18 00:00:00,2026-08-18 02:00:00;;;
138,321,26,658,closed,2026-08-26 00:00:00,2026-08-28 16:00:00;;;
139,9,3,936,closed,2026-09-01 00:00:00,2026-09-02 19:00:00;;;
140,269,8,989,open,2026-08-27 00:00:00,2026-08-28 11:00:00;;;
141,124,24,760,closed,2026-08-26 00:00:00,2026-08-26 06:00:00;;;
142,400,15,690,closed,2026-08-12 00:00:00,2026-08-12 04:00:00;;;
143,7,37,646,closed,2026-08-23 00:00:00,2026-08-24 14:00:00;;;
144,256,8,747,open,2026-08-12 00:00:00,2026-08-13 12:00:00;;;
145,300,11,970,open,2026-08-12 00:00:00,2026-08-12 05:00:00;;;
146,246,12,410,open,2026-08-12 00:00:00,2026-08-12 22:00:00;;;
147,110,3,477,closed,2026-08-25 00:00:00,2026-08-27 02:00:00;;;
148,41,33,189,open,2026-08-22 00:00:00,2026-08-23 10:00:00;;;
149,356,17,864,open,2026-08-24 00:00:00,2026-08-24 23:00:00;;;
150,187,36,242,closed,2026-08-16 00:00:00,2026-08-17 05:00:00;;;
151,335,31,881,open,2026-08-12 00:00:00,2026-08-13 14:00:00;;;
152,24,40,360,open,2026-08-27 00:00:00,2026-08-29 22:00:00;;;
153,192,29,866,closed,2026-08-18 00:00:00,2026-08-18 01:00:00;;;
154,4,28,123,closed,2026-08-25 00:00:00,2026-08-25 23:00:00;;;
155,244,20,603,open,2026-08-20 00:00:00,2026-08-21 19:00:00;;;
156,307,29,202,open,2026-08-16 00:00:00,2026-08-16 08:00:00;;;
157,148,24,744,closed,2026-08-29 00:00:00,2026-08-30 16:00:00;;;
158,398,16,852,closed,2026-08-20 00:00:00,2026-08-21 09:00:00;;;
159,108,3,35,closed,2026-08-20 00:00:00,2026-08-22 04:00:00;;;
160,372,2,108,open,2026-08-18 00:00:00,2026-08-19 05:00:00;;;
161,392,35,420,closed,2026-09-01 00:00:00,2026-09-01 15:00:00;;;
162,100,11,500,closed,2026-08-25 00:00:00,2026-08-25 11:00:00;;;
163,292,22,924,closed,2026-08-26 00:00:00,2026-08-28 17:00:00;;;
164,73,2,497,open,2026-08-14 00:00:00,2026-08-14 16:00:00;;;
165,177,27,481,closed,2026-08-13 00:00:00,2026-08-15 18:00:00;;;
166,172,3,904,closed,2026-08-19 00:00:00,2026-08-21 06:00:00;;;
167,17,23,640,closed,2026-08-12 00:00:00,2026-08-14 18:00:00;;;
168,341,32,687,closed,2026-09-01 00:00:00,2026-09-01 11:00:00;;;
169,63,30,181,open,2026-08-31 00:00:00,2026-09-01 12:00:00;;;
170,263,37,920,closed,2026-08-15 00:00:00,2026-08-18 00:00:00;;;
171,281,27,795,closed,2026-08-27 00:00:00,2026-08-28 10:00:00;;;
172,102,35,540,open,2026-08-12 00:00:00,2026-08-14 09:00:00;;;
173,74,9,670,closed,2026-09-01 00:00:00,2026-09-01 19:00:00;;;
174,394,39,736,closed,2026-08-27 00:00:00,2026-08-29 20:00:00;;;
175,42,14,466,closed,2026-08-31 00:00:00,2026-09-02 11:00:00;;;
176,351,25,208,open,2026-08-27 00:00:00,2026-08-29 18:00:00;;;
177,386,29,799,closed,2026-08-25 00:00:00,2026-08-26 23:00:00;;;
178,213,7,889,closed,2026-08-23 00:00:00,2026-08-23 07:00:00;;;
179,98,22,536,open,2026-08-13 00:00:00,2026-08-15 06:00:00;;;
180,221,32,366,open,2026-08-17 00:00:00,2026-08-19 14:00:00;;;
181,153,7,531,closed,2026-08-18 00:00:00,2026-08-20 03:00:00;;;
182,362,5,328,open,2026-08-26 00:00:00,2026-08-26 19:00:00;;;
183,131,25,433,closed,2026-08-16 00:00:00,2026-08-18 11:00:00;;;
184,365,28,96,closed,2026-08-26 00:00:00,2026-08-28 14:00:00;;;
185,362,15,333,open,2026-08-17 00:00:00,2026-08-19 16:00:00;;;
186,364,31,1,closed,2026-08-30 00:00:00,2026-08-31 17:00:00;;;
187,383,36,329,closed,2026-08-18 00:00:00,2026-08-19 23:00:00;;;
188,377,29,154,closed,2026-08-30 00:00:00,2026-08-31 13:00:00;;;
189,287,38,335,closed,2026-08-16 00:00:00,2026-08-17 09:00:00;;;
190,138,10,54,closed,2026-08-23 00:00:00,2026-08-24 06:00:00;;;
191,322,19,259,open,2026-08-27 00:00:00,2026-08-28 05:00:00;;;
192,319,36,384,closed,2026-08-14 00:00:00,2026-08-14 08:00:00;;;
193,141,18,986,open,2026-08-30 00:00:00,2026-08-31 15:00:00;;;
194,262,24,443,closed,2026-08-26 00:00:00,2026-08-28 20:00:00;;;
195,37,13,873,closed,2026-08-17 00:00:00,2026-08-18 20:00:00;;;
196,302,14,507,closed,2026-08-27 00:00:00,2026-08-27 23:00:00;;;
197,14,7,142,closed,2026-08-27 00:00:00,2026-08-27 20:00:00;;;
198,101,12,463,closed,2026-08-29 00:00:00,2026-08-30 04:00:00;;;
199,270,5,647,open,2026-09-01 00:00:00,2026-09-01 17:00:00;;;
200,122,24,579,open,2026-08-26 00:00:00,2026-08-27 11:00:00;;;
201,348,22,53,closed,2026-08-26 00:00:00,2026-08-26 01:00:00;;;
202,202,24,884,closed,2026-08-27 00:00:00,2026-08-27 22:00:00;;;
203,87,18,715,closed,2026-08-19 00:00:00,2026-08-20 07:00:00;;;
204,103,33,230,closed,2026-08-23 00:00:00,2026-08-25 23:00:00;;;
205,171,32,613,closed,2026-08-21 00:00:00,2026-08-21 13:00:00;;;
206,187,40,251,closed,2026-08-23 00:00:00,2026-08-23 22:00:00;;;
207,61,12,898,closed,2026-08-21 00:00:00,2026-08-21 10:00:00;;;
208,242,33,338,open,2026-08-12 00:00:00,2026-08-12 14:00:00;;;
209,399,13,405,closed,2026-08-31 00:00:00,2026-08-31 10:00:00;;;
210,169,19,302,open,2026-08-20 00:00:00,2026-08-21 11:00:00;;;
211,83,38,961,open,2026-08-31 00:00:00,2026-08-31 08:00:00;;;
212,309,9,101,open,2026-08-16 00:00:00,2026-08-18 05:00:00;;;
213,24,27,488,closed,2026-08-23 00:00:00,2026-08-25 20:00:00;;;
214,387,34,148,closed,2026-08-18 00:00:00,2026-08-20 23:00:00;;;
215,165,26,81,open,2026-08-12 00:00:00,2026-08-12 17:00:00;;;
216,285,24,107,open,2026-08-26 00:00:00,2026-08-27 11:00:00;;;
217,370,37,449,closed,2026-08-20 00:00:00,2026-08-22 14:00:00;;;
218,90,2,226,closed,2026-08-23 00:00:00,2026-08-24 13:00:00;;;
219,337,40,731,closed,2026-08-14 00:00:00,2026-08-14 01:00:00;;;
220,64,20,359,closed,2026-08-13 00:00:00,2026-08-15 09:00:00;;;
221,305,6,435,open,2026-08-24 00:00:00,2026-08-25 22:00:00;;;
222,382,17,422,closed,2026-08-28 00:00:00,2026-08-28 21:00:00;;;
223,335,8,117,open,2026-08-27 00:00:00,2026-08-27 22:00:00;;;
224,196,39,588,open,2026-08-16 00:00:00,2026-08-18 09:00:00;;;
225,379,16,92,open,2026-08-31 00:00:00,2026-09-01 21:00:00;;;
226,125,16,452,open,2026-08-22 00:00:00,2026-08-23 13:00:00;;;
227,297,38,911,open,2026-08-31 00:00:00,2026-09-01 19:00:00;;;
228,243,11,90,closed,2026-08-22 00:00:00,2026-08-24 22:00:00;;;
229,147,19,61,closed,2026-08-22 00:00:00,2026-08-24 17:00:00;;;
230,234,28,628,closed,2026-08-22 00:00:00,2026-08-22 08:00:00;;;
231,59,22,751,open,2026-08-17 00:00:00,2026-08-18 15:00:00;;;
232,293,7,571,open,2026-08-27 00:00:00,2026-08-29 22:00:00;;;
233,333,10,26,closed,2026-08-25 00:00:00,2026-08-27 14:00:00;;;
234,190,19,829,closed,2026-08-21 00:00:00,2026-08-22 05:00:00;;;
235,118,38,183,closed,2026-08-18 00:00:00,2026-08-18 18:00:00;;;
236,323,37,820,closed,2026-08-17 00:00:00,2026-08-18 18:00:00;;;
237,219,32,706,closed,2026-08-15 00:00:00,2026-08-16 02:00:00;;;
238,186,11,585,closed,2026-08-23 00:00:00,2026-08-24 14:00:00;;;
239,264,38,10,open,2026-08-20 00:00:00,2026-08-20 01:00:00;;;
240,196,14,254,closed,2026-08-14 00:00:00,2026-08-16 07:00:00;;;
241,250,8,678,open,2026-08-20 00:00:00,2026-08-22 13:00:00;;;
242,349,20,650,closed,2026-08-22 00:00:00,2026-08-24 12:00:00;;;
243,12,5,363,closed,2026-08-22 00:00:00,2026-08-23 23:00:00;;;
244,28,11,615,open,2026-08-15 00:00:00,2026-08-15 09:00:00;;;
245,280,14,103,open,2026-08-20 00:00:00,2026-08-23 00:00:00;;;
246,124,29,58,open,2026-08-27 00:00:00,2026-08-28 23:00:00;;;
247,304,4,295,closed,2026-08-31 00:00:00,2026-09-02 03:00:00;;;
248,127,5,116,open,2026-08-23 00:00:00,2026-08-24 18:00:00;;;
249,61,19,291,closed,2026-08-28 00:00:00,2026-08-30 01:00:00;;;
250,365,19,849,closed,2026-08-29 00:00:00,2026-08-30 23:00:00;;;
251,94,18,346,closed,2026-08-22 00:00:00,2026-08-24 02:00:00;;;
252,125,12,421,closed,2026-08-17 00:00:00,2026-08-19 07:00:00;;;
253,334,19,74,open,2026-08-17 00:00:00,2026-08-17 11:00:00;;;
254,328,9,5,open,2026-08-16 00:00:00,2026-08-17 10:00:00;;;
255,38,16,574,closed,2026-08-12 00:00:00,2026-08-13 12:00:00;;;
256,199,2,817,open,2026-08-21 00:00:00,2026-08-22 07:00:00;;;
257,335,20,316,closed,2026-08-30 00:00:00,2026-08-31 10:00:00;;;
258,253,21,659,open,2026-08-31 00:00:00,2026-08-31 13:00:00;;;
259,297,14,883,open,2026-08-20 00:00:00,2026-08-20 18:00:00;;;
260,117,2,8,closed,2026-08-21 00:00:00,2026-08-22 05:00:00;;;
261,71,3,827,closed,2026-08-25 00:00:00,2026-08-27 16:00:00;;;
262,12,6,612,closed,2026-08-15 00:00:00,2026-08-17 18:00:00;;;
263,215,17,474,closed,2026-08-12 00:00:00,2026-08-13 05:00:00;;;
264,46,27,590,closed,2026-08-15 00:00:00,2026-08-16 05:00:00;;;
265,54,4,576,open,2026-08-25 00:00:00,2026-08-26 21:00:00;;;
266,226,6,172,closed,2026-09-01 00:00:00,2026-09-01 15:00:00;;;
267,303,37,476,closed,2026-08-25 00:00:00,2026-08-27 11:00:00;;;
268,200,19,326,open,2026-08-30 00:00:00,2026-09-01 05:00:00;;;
269,336,37,486,closed,2026-08-29 00:00:00,2026-08-31 19:00:00;;;
270,53,6,895,closed,2026-08-21 00:00:00,2026-08-21 16:00:00;;;
271,364,38,287,closed,2026-08-26 00:00:00,2026-08-26 11:00:00;;;
272,227,2,819,open,2026-08-22 00:00:00,2026-08-22 09:00:00;;;
273,360,36,801,open,2026-08-12 00:00:00,2026-08-13 19:00:00;;;
274,89,18,356,open,2026-08-31 00:00:00,2026-08-31 14:00:00;;;
275,177,39,459,open,2026-08-12 00:00:00,2026-08-13 21:00:00;;;
276,259,28,632,closed,2026-08-26 00:00:00,2026-08-28 09:00:00;;;
277,161,16,680,open,2026-08-21 00:00:00,2026-08-21 13:00:00;;;
278,345,3,121,open,2026-08-23 00:00:00,2026-08-24 03:00:00;;;
279,16,37,15,closed,2026-08-23 00:00:00,2026-08-23 03:00:00;;;
280,151,33,194,open,2026-09-01 00:00:00,2026-09-02 21:00:00;;;
281,14,31,973,closed,2026-08-24 00:00:00,2026-08-26 03:00:00;;;
282,340,4,762,closed,2026-08-19 00:00:00,2026-08-20 01:00:00;;;
283,205,40,9,closed,2026-08-16 00:00:00,2026-08-16 23:00:00;;;
284,294,17,831,open,2026-08-18 00:00:00,2026-08-20 10:00:00;;;
285,101,14,504,closed,2026-08-24 00:00:00,2026-08-24 10:00:00;;;
286,146,4,637,open,2026-08-16 00:00:00,2026-08-18 13:00:00;;;
287,57,14,561,open,2026-08-13 00:00:00,2026-08-13 05:00:00;;;
288,35,40,282,closed,2026-08-18 00:00:00,2026-08-20 17:00:00;;;
289,207,32,383,closed,2026-08-15 00:00:00,2026-08-15 17:00:00;;;
290,67,23,62,open,2026-08-29 00:00:00,2026-08-29 01:00:00;;;
291,346,29,361,closed,2026-08-31 00:00:00,2026-08-31 09:00:00;;;
292,244,36,341,closed,2026-08-23 00:00:00,2026-08-25 12:00:00;;;
293,129,29,207,closed,2026-08-16 00:00:00,2026-08-18 23:00:00;;;
294,275,24,645,closed,2026-08-26 00:00:00,2026-08-26 20:00:00;;;
295,391,12,824,open,2026-08-12 00:00:00,2026-08-14 11:00:00;;;
296,323,12,85,closed,2026-08-25 00:00:00,2026-08-27 11:00:00;;;
297,45,20,149,closed,2026-08-14 00:00:00,2026-08-16 17:00:00;;;
298,291,39,97,open,2026-08-31 00:00:00,2026-09-01 13:00:00;;;
299,16,22,764,closed,2026-08-17 00:00:00,2026-08-19 12:00:00;;;
300,34,6,324,open,2026-08-19 00:00:00,2026-08-21 20:00:00;;;
301,180,10,40,open,2026-08-20 00:00:00,2026-08-20 13:00:00;;;
302,353,36,391,closed,2026-08-26 00:00:00,2026-08-28 08:00:00;;;
303,258,6,664,closed,2026-08-13 00:00:00,2026-08-14 08:00:00;;;
304,382,2,823,closed,2026-08-15 00:00:00,2026-08-15 01:00:00;;;
305,333,11,365,closed,2026-08-21 00:00:00,2026-08-21 04:00:00;;;
306,391,26,249,open,2026-08-24 00:00:00,2026-08-25 21:00:00;;;
307,378,12,919,closed,2026-08-27 00:00:00,2026-08-28 16:00:00;;;
308,175,20,229,open,2026-08-21 00:00:00,2026-08-22 13:00:00;;;
309,95,11,342,open,2026-08-14 00:00:00,2026-08-15 12:00:00;;;
310,100,11,748,closed,2026-08-17 00:00:00,2026-08-19 05:00:00;;;
311,298,8,447,open,2026-08-22 00:00:00,2026-08-24 08:00:00;;;
312,143,11,713,open,2026-09-01 00:00:00,2026-09-03 10:00:00;;;
313,317,33,22,closed,2026-08-19 00:00:00,2026-08-20 03:00:00;;;
314,87,36,325,open,2026-08-14 00:00:00,2026-08-16 13:00:00;;;
315,358,11,591,open,2026-08-22 00:00:00,2026-08-22 17:00:00;;;
316,155,24,234,closed,2026-08-28 00:00:00,2026-08-30 13:00:00;;;
317,310,17,909,closed,2026-08-22 00:00:00,2026-08-24 09:00:00;;;
318,154,18,997,open,2026-09-01 00:00:00,2026-09-03 12:00:00;;;
319,197,6,528,closed,2026-08-12 00:00:00,2026-08-14 09:00:00;;;
320,76,38,370,open,2026-08-18 00:00:00,2026-08-19 10:00:00;;;
321,127,18,388,open,2026-08-12 00:00:00,2026-08-13 16:00:00;;;
322,235,35,146,closed,2026-08-22 00:00:00,2026-08-23 16:00:00;;;
323,289,6,294,open,2026-08-22 00:00:00,2026-08-23 12:00:00;;;
324,90,10,882,open,2026-08-13 00:00:00,2026-08-13 13:00:00;;;
325,265,2,144,open,2026-08-19 00:00:00,2026-08-21 05:00:00;;;
326,302,5,445,open,2026-08-31 00:00:00,2026-09-02 09:00:00;;;
327,301,16,444,open,2026-08-28 00:00:00,2026-08-29 22:00:00;;;
328,214,31,932,closed,2026-08-14 00:00:00,2026-08-16 22:00:00;;;
329,304,5,794,open,2026-08-12 00:00:00,2026-08-15 00:00:00;;;
330,58,1,407,closed,2026-08-17 00:00:00,2026-08-17 05:00:00;;;
331,392,4,252,closed,2026-08-17 00:00:00,2026-08-19 07:00:00;;;
332,12,3,330,closed,2026-08-15 00:00:00,2026-08-16 08:00:00;;;
333,336,11,959,open,2026-08-23 00:00:00,2026-08-25 17:00:00;;;
334,164,29,318,open,2026-08-23 00:00:00,2026-08-24 13:00:00;;;
335,56,9,993,closed,2026-08-12 00:00:00,2026-08-12 10:00:00;;;
336,145,26,671,open,2026-08-27 00:00:00,2026-08-27 10:00:00;;;
337,261,31,788,open,2026-08-12 00:00:00,2026-08-12 13:00:00;;;
338,306,13,962,closed,2026-08-20 00:00:00,2026-08-22 11:00:00;;;
339,87,18,138,open,2026-08-18 00:00:00,2026-08-20 09:00:00;;;
340,138,34,679,closed,2026-08-22 00:00:00,2026-08-24 23:00:00;;;
341,207,10,964,closed,2026-08-15 00:00:00,2026-08-17 06:00:00;;;
342,119,30,533,open,2026-08-21 00:00:00,2026-08-21 16:00:00;;;
343,130,25,934,open,2026-08-21 00:00:00,2026-08-23 08:00:00;;;
344,310,24,661,closed,2026-08-30 00:00:00,2026-09-01 15:00:00;;;
345,20,23,943,closed,2026-08-12 00:00:00,2026-08-13 17:00:00;;;
346,253,4,396,open,2026-08-18 00:00:00,2026-08-19 19:00:00;;;
347,210,30,201,closed,2026-08-25 00:00:00,2026-08-25 19:00:00;;;
348,285,19,516,open,2026-08-23 00:00:00,2026-08-26 00:00:00;;;
349,52,16,260,closed,2026-08-28 00:00:00,2026-08-28 18:00:00;;;
350,62,8,926,closed,2026-08-15 00:00:00,2026-08-15 20:00:00;;;
351,34,14,798,closed,2026-08-29 00:00:00,2026-08-29 07:00:00;;;
352,75,7,527,closed,2026-08-30 00:00:00,2026-08-31 23:00:00;;;
353,267,18,38,closed,2026-08-23 00:00:00,2026-08-25 03:00:00;;;
354,12,7,243,open,2026-08-14 00:00:00,2026-08-15 23:00:00;;;
355,9,35,532,closed,2026-08-14 00:00:00,2026-08-16 22:00:00;;;
356,303,13,247,closed,2026-08-27 00:00:00,2026-08-27 16:00:00;;;
357,322,22,150,closed,2026-08-26 00:00:00,2026-08-28 07:00:00;;;
358,80,31,840,open,2026-08-22 00:00:00,2026-08-22 23:00:00;;;
359,240,19,818,open,2026-08-13 00:00:00,2026-08-13 02:00:00;;;
360,108,12,153,closed,2026-08-27 00:00:00,2026-08-27 09:00:00;;;
361,317,2,206,closed,2026-08-26 00:00:00,2026-08-27 17:00:00;;;
362,2,6,955,closed,2026-08-31 00:00:00,2026-09-01 15:00:00;;;
363,332,7,25,closed,2026-08-27 00:00:00,2026-08-29 09:00:00;;;
364,125,31,833,closed,2026-08-15 00:00:00,2026-08-16 09:00:00;;;
365,170,28,114,closed,2026-08-15 00:00:00,2026-08-17 15:00:00;;;
366,272,2,131,closed,2026-08-24 00:00:00,2026-08-24 02:00:00;;;
367,112,26,437,open,2026-08-16 00:00:00,2026-08-19 00:00:00;;;
368,279,38,49,closed,2026-08-28 00:00:00,2026-08-30 04:00:00;;;
369,386,13,766,closed,2026-08-23 00:00:00,2026-08-24 22:00:00;;;
370,355,5,136,open,2026-08-26 00:00:00,2026-08-27 17:00:00;;;
371,134,5,41,closed,2026-08-14 00:00:00,2026-08-16 00:00:00;;;
372,150,23,389,closed,2026-08-17 00:00:00,2026-08-18 08:00:00;;;
373,260,8,869,closed,2026-08-29 00:00:00,2026-08-29 11:00:00;;;
374,356,35,93,closed,2026-08-23 00:00:00,2026-08-25 22:00:00;;;
375,165,24,467,closed,2026-08-29 00:00:00,2026-08-29 23:00:00;;;
376,23,17,868,open,2026-08-12 00:00:00,2026-08-14 06:00:00;;;
377,398,14,870,closed,2026-08-26 00:00:00,2026-08-26 13:00:00;;;
378,32,20,759,closed,2026-08-20 00:00:00,2026-08-21 20:00:00;;;
379,22,11,174,open,2026-08-30 00:00:00,2026-08-31 15:00:00;;;
380,44,38,352,closed,2026-08-19 00:00:00,2026-08-21 19:00:00;;;
381,184,15,499,closed,2026-08-18 00:00:00,2026-08-19 01:00:00;;;
382,257,38,374,open,2026-08-29 00:00:00,2026-08-29 18:00:00;;;
383,260,15,996,open,2026-08-27 00:00:00,2026-08-29 17:00:00;;;
384,39,1,940,closed,2026-08-28 00:00:00,2026-08-29 17:00:00;;;
385,395,22,446,closed,2026-08-17 00:00:00,2026-08-18 16:00:00;;;
386,147,8,623,closed,2026-08-14 00:00:00,2026-08-16 16:00:00;;;
387,242,36,655,open,2026-08-28 00:00:00,2026-08-29 23:00:00;;;
388,217,17,198,closed,2026-08-31 00:00:00,2026-08-31 15:00:00;;;
389,4,34,860,closed,2026-08-30 00:00:00,2026-08-30 23:00:00;;;
390,134,27,728,open,2026-08-21 00:00:00,2026-08-21 20:00:00;;;
391,333,2,998,closed,2026-08-25 00:00:00,2026-08-27 04:00:00;;;
392,67,31,273,open,2026-08-15 00:00:00,2026-08-16 19:00:00;;;
393,221,15,806,closed,2026-08-29 00:00:00,2026-08-31 21:00:00;;;
394,144,19,478,open,2026-08-22 00:00:00,2026-08-23 09:00:00;;;
395,39,7,937,closed,2026-08-24 00:00:00,2026-08-26 16:00:00;;;
396,57,20,779,open,2026-08-27 00:00:00,2026-08-28 20:00:00;;;
397,15,29,982,open,2026-08-31 00:00:00,2026-09-02 17:00:00;;;
398,189,19,160,closed,2026-08-23 00:00:00,2026-08-23 10:00:00;;;
399,159,19,364,closed,2026-08-19 00:00:00,2026-08-21 12:00:00;;;
400,233,10,568,closed,2026-08-14 00:00:00,2026-08-14 23:00:00;;;
401,66,14,115,closed,2026-08-16 00:00:00,2026-08-17 22:00:00;;;
402,103,18,854,closed,2026-08-28 00:00:00,2026-08-30 13:00:00;;;
403,114,39,344,closed,2026-08-20 00:00:00,2026-08-20 12:00:00;;;
404,67,11,441,closed,2026-08-28 00:00:00,2026-08-30 04:00:00;;;
405,370,26,253,open,2026-08-20 00:00:00,2026-08-21 02:00:00;;;
406,318,35,307,closed,2026-08-22 00:00:00,2026-08-22 19:00:00;;;
407,344,16,350,open,2026-09-01 00:00:00,2026-09-04 00:00:00;;;
408,79,21,413,open,2026-08-31 00:00:00,2026-09-02 20:00:00;;;
409,100,32,106,closed,2026-08-22 00:00:00,2026-08-22 09:00:00;;;
410,400,6,403,closed,2026-08-23 00:00:00,2026-08-23 13:00:00;;;
411,87,37,69,closed,2026-08-24 00:00:00,2026-08-25 11:00:00;;;
412,229,26,990,closed,2026-08-22 00:00:00,2026-08-23 16:00:00;;;
413,204,13,485,closed,2026-08-28 00:00:00,2026-08-30 22:00:00;;;
414,362,4,606,closed,2026-08-27 00:00:00,2026-08-28 08:00:00;;;
415,364,25,16,closed,2026-09-01 00:00:00,2026-09-02 14:00:00;;;
416,170,28,505,closed,2026-08-21 00:00:00,2026-08-22 15:00:00;;;
417,302,4,428,closed,2026-08-26 00:00:00,2026-08-26 03:00:00;;;
418,129,5,808,closed,2026-08-12 00:00:00,2026-08-14 10:00:00;;;
419,399,17,753,closed,2026-08-29 00:00:00,2026-08-31 16:00:00;;;
420,155,16,191,open,2026-08-22 00:00:00,2026-08-23 09:00:00;;;
421,223,7,547,closed,2026-08-26 00:00:00,2026-08-27 15:00:00;;;
422,223,16,673,closed,2026-08-25 00:00:00,2026-08-25 03:00:00;;;
423,311,11,815,closed,2026-08-13 00:00:00,2026-08-14 10:00:00;;;
424,22,40,692,open,2026-08-18 00:00:00,2026-08-19 13:00:00;;;
425,34,11,963,open,2026-08-12 00:00:00,2026-08-12 06:00:00;;;
426,173,18,432,closed,2026-08-12 00:00:00,2026-08-12 17:00:00;;;
427,191,13,669,closed,2026-08-26 00:00:00,2026-08-27 02:00:00;;;
428,16,36,197,open,2026-08-14 00:00:00,2026-08-16 16:00:00;;;
429,397,33,520,closed,2026-09-01 00:00:00,2026-09-02 06:00:00;;;
430,219,18,597,open,2026-08-22 00:00:00,2026-08-24 05:00:00;;;
431,134,10,42,open,2026-08-25 00:00:00,2026-08-26 06:00:00;;;
432,246,13,3,closed,2026-08-21 00:00:00,2026-08-23 02:00:00;;;
433,167,25,921,closed,2026-08-26 00:00:00,2026-08-27 21:00:00;;;
434,348,24,210,closed,2026-08-12 00:00:00,2026-08-13 23:00:00;;;
435,165,34,893,closed,2026-08-21 00:00:00,2026-08-21 02:00:00;;;
436,7,1,721,open,2026-08-15 00:00:00,2026-08-16 05:00:00;;;
437,380,37,729,closed,2026-09-01 00:00:00,2026-09-03 00:00:00;;;
438,197,23,518,closed,2026-08-18 00:00:00,2026-08-18 01:00:00;;;
439,193,29,86,closed,2026-08-16 00:00:00,2026-08-16 07:00:00;;;
440,273,11,702,closed,2026-08-28 00:00:00,2026-08-28 03:00:00;;;
441,115,26,754,closed,2026-08-17 00:00:00,2026-08-18 18:00:00;;;
442,294,33,761,open,2026-08-24 00:00:00,2026-08-24 21:00:00;;;
443,286,31,839,closed,2026-08-28 00:00:00,2026-08-28 13:00:00;;;
444,111,15,807,closed,2026-08-16 00:00:00,2026-08-17 23:00:00;;;
445,205,40,425,closed,2026-08-23 00:00:00,2026-08-25 00:00:00;;;
446,27,25,703,closed,2026-08-16 00:00:00,2026-08-17 23:00:00;;;
447,217,40,618,closed,2026-08-18 00:00:00,2026-08-20 06:00:00;;;
448,162,26,930,open,2026-08-29 00:00:00,2026-08-30 21:00:00;;;
449,385,29,327,open,2026-08-28 00:00:00,2026-08-29 06:00:00;;;
450,1,23,2,closed,2026-08-19 00:00:00,2026-08-19 01:00:00;;;
451,93,18,562,closed,2026-08-20 00:00:00,2026-08-22 14:00:00;;;
452,398,27,600,open,2026-08-12 00:00:00,2026-08-13 18:00:00;;;
453,296,25,132,closed,2026-08-25 00:00:00,2026-08-25 03:00:00;;;
454,169,27,179,closed,2026-08-22 00:00:00,2026-08-22 22:00:00;;;
455,210,4,52,open,2026-08-21 00:00:00,2026-08-23 13:00:00;;;
456,371,31,408,open,2026-08-29 00:00:00,2026-08-29 01:00:00;;;
457,101,33,735,closed,2026-08-25 00:00:00,2026-08-27 19:00:00;;;
458,197,24,783,open,2026-08-28 00:00:00,2026-08-29 15:00:00;;;
459,69,16,241,closed,2026-08-26 00:00:00,2026-08-27 05:00:00;;;
460,247,40,200,closed,2026-08-20 00:00:00,2026-08-22 08:00:00;;;
461,63,37,625,closed,2026-08-16 00:00:00,2026-08-17 17:00:00;;;
462,96,15,331,closed,2026-08-23 00:00:00,2026-08-24 14:00:00;;;
463,291,20,180,open,2026-09-01 00:00:00,2026-09-01 22:00:00;;;
464,291,18,842,closed,2026-08-22 00:00:00,2026-08-24 02:00:00;;;
465,97,24,99,open,2026-08-15 00:00:00,2026-08-16 22:00:00;;;
466,161,15,378,open,2026-08-27 00:00:00,2026-08-28 18:00:00;;;
467,211,33,155,open,2026-08-20 00:00:00,2026-08-20 18:00:00;;;
468,174,3,451,open,2026-08-19 00:00:00,2026-08-20 23:00:00;;;
469,44,31,471,open,2026-09-01 00:00:00,2026-09-01 08:00:00;;;
470,137,38,805,open,2026-08-21 00:00:00,2026-08-23 17:00:00;;;
471,246,17,406,closed,2026-08-24 00:00:00,2026-08-25 12:00:00;;;
472,7,14,248,closed,2026-08-26 00:00:00,2026-08-26 16:00:00;;;
473,90,13,156,open,2026-08-13 00:00:00,2026-08-15 03:00:00;;;
474,256,28,675,open,2026-08-31 00:00:00,2026-08-31 03:00:00;;;
475,207,20,700,closed,2026-08-17 00:00:00,2026-08-18 19:00:00;;;
476,18,40,565,closed,2026-08-31 00:00:00,2026-08-31 03:00:00;;;
477,40,36,564,open,2026-08-30 00:00:00,2026-08-31 19:00:00;;;
478,228,29,267,open,2026-08-20 00:00:00,2026-08-21 21:00:00;;;
479,362,32,416,closed,2026-08-14 00:00:00,2026-08-15 13:00:00;;;
480,142,9,169,closed,2026-08-18 00:00:00,2026-08-18 04:00:00;;;
481,188,23,907,open,2026-08-21 00:00:00,2026-08-21 10:00:00;;;
482,64,31,431,open,2026-08-20 00:00:00,2026-08-20 06:00:00;;;
483,9,35,475,open,2026-08-12 00:00:00,2026-08-14 09:00:00;;;
484,37,18,983,closed,2026-08-24 00:00:00,2026-08-24 22:00:00;;;
485,389,15,947,open,2026-08-30 00:00:00,2026-08-31 18:00:00;;;
486,91,24,980,closed,2026-08-14 00:00:00,2026-08-16 22:00:00;;;
487,387,6,616,closed,2026-08-27 00:00:00,2026-08-27 19:00:00;;;
488,310,24,455,open,2026-08-20 00:00:00,2026-08-22 22:00:00;;;
489,16,17,264,open,2026-08-31 00:00:00,2026-09-02 02:00:00;;;
490,219,28,473,closed,2026-08-31 00:00:00,2026-08-31 05:00:00;;;
491,293,29,489,open,2026-08-26 00:00:00,2026-08-26 10:00:00;;;
492,296,37,945,closed,2026-08-21 00:00:00,2026-08-22 06:00:00;;;
493,11,31,872,closed,2026-08-28 00:00:00,2026-08-30 13:00:00;;;
494,109,10,928,open,2026-08-21 00:00:00,2026-08-21 22:00:00;;;
495,147,23,345,open,2026-08-20 00:00:00,2026-08-21 19:00:00;;;
496,114,12,599,open,2026-08-30 00:00:00,2026-08-31 04:00:00;;;
497,92,26,610,open,2026-08-21 00:00:00,2026-08-23 12:00:00;;;
498,342,3,442,closed,2026-08-28 00:00:00,2026-08-30 17:00:00;;;
499,70,2,278,closed,2026-08-18 00:00:00,2026-08-20 20:00:00;;;
500,167,32,430,closed,2026-09-01 00:00:00,2026-09-02 13:00:00;;;
501,306,16,948,closed,2026-08-29 00:00:00,2026-08-30 17:00:00;;;
502,397,37,836,open,2026-08-18 00:00:00,2026-08-19 05:00:00;;;
503,127,29,236,closed,2026-08-15 00:00:00,2026-08-15 21:00:00;;;
504,105,32,246,closed,2026-08-27 00:00:00,2026-08-28 04:00:00;;;
505,150,16,863,closed,2026-08-15 00:00:00,2026-08-17 22:00:00;;;
506,328,28,214,open,2026-08-12 00:00:00,2026-08-13 02:00:00;;;
507,110,38,812,open,2026-08-18 00:00:00,2026-08-18 19:00:00;;;
508,308,16,240,open,2026-08-14 00:00:00,2026-08-15 07:00:00;;;
509,345,32,45,open,2026-08-24 00:00:00,2026-08-24 15:00:00;;;
510,173,12,774,closed,2026-08-21 00:00:00,2026-08-23 06:00:00;;;
511,5,9,79,open,2026-08-19 00:00:00,2026-08-19 06:00:00;;;
512,194,8,305,closed,2026-08-15 00:00:00,2026-08-15 06:00:00;;;
513,275,29,502,open,2026-08-26 00:00:00,2026-08-26 04:00:00;;;
514,166,38,899,closed,2026-08-14 00:00:00,2026-08-15 21:00:00;;;
515,242,4,337,closed,2026-08-21 00:00:00,2026-08-23 20:00:00;;;
516,351,19,676,closed,2026-08-14 00:00:00,2026-08-14 22:00:00;;;
517,208,13,436,open,2026-08-19 00:00:00,2026-08-20 06:00:00;;;
518,342,5,355,closed,2026-08-18 00:00:00,2026-08-18 18:00:00;;;
519,123,32,542,open,2026-08-28 00:00:00,2026-08-29 03:00:00;;;
520,300,36,68,closed,2026-08-19 00:00:00,2026-08-20 03:00:00;;;
521,159,37,32,closed,2026-08-28 00:00:00,2026-08-29 12:00:00;;;
522,290,12,688,closed,2026-08-16 00:00:00,2026-08-18 15:00:00;;;
523,335,40,308,open,2026-08-31 00:00:00,2026-09-01 07:00:00;;;
524,114,13,162,open,2026-08-20 00:00:00,2026-08-20 05:00:00;;;
525,17,9,343,closed,2026-08-26 00:00:00,2026-08-28 22:00:00;;;
526,58,13,402,closed,2026-08-31 00:00:00,2026-09-02 22:00:00;;;
527,323,27,776,closed,2026-08-14 00:00:00,2026-08-14 09:00:00;;;
528,56,17,369,closed,2026-08-27 00:00:00,2026-08-28 10:00:00;;;
529,80,20,845,closed,2026-08-18 00:00:00,2026-08-19 03:00:00;;;
530,357,30,256,open,2026-08-16 00:00:00,2026-08-16 19:00:00;;;
531,221,24,594,closed,2026-08-29 00:00:00,2026-08-31 20:00:00;;;
532,233,2,927,open,2026-08-19 00:00:00,2026-08-20 02:00:00;;;
533,269,30,830,open,2026-08-30 00:00:00,2026-08-31 18:00:00;;;
534,136,24,901,closed,2026-08-12 00:00:00,2026-08-13 12:00:00;;;
535,324,35,368,closed,2026-08-28 00:00:00,2026-08-29 16:00:00;;;
536,247,29,923,closed,2026-08-18 00:00:00,2026-08-18 08:00:00;;;
537,199,16,696,closed,2026-08-30 00:00:00,2026-08-30 15:00:00;;;
538,309,15,399,open,2026-09-01 00:00:00,2026-09-02 04:00:00;;;
539,33,17,314,closed,2026-08-22 00:00:00,2026-08-24 20:00:00;;;
540,159,25,626,open,2026-08-26 00:00:00,2026-08-26 20:00:00;;;
541,179,7,304,open,2026-08-28 00:00:00,2026-08-28 17:00:00;;;
542,134,36,37,closed,2026-08-13 00:00:00,2026-08-13 22:00:00;;;
543,10,7,495,open,2026-08-28 00:00:00,2026-08-29 14:00:00;;;
544,294,36,712,open,2026-08-16 00:00:00,2026-08-16 12:00:00;;;
545,104,8,826,closed,2026-08-21 00:00:00,2026-08-23 20:00:00;;;
546,228,8,313,closed,2026-08-30 00:00:00,2026-09-01 19:00:00;;;
547,215,28,617,closed,2026-08-26 00:00:00,2026-08-27 20:00:00;;;
548,26,22,853,closed,2026-08-29 00:00:00,2026-08-31 21:00:00;;;
549,285,26,880,closed,2026-08-24 00:00:00,2026-08-24 04:00:00;;;
550,246,33,43,closed,2026-08-20 00:00:00,2026-08-21 11:00:00;;;
551,216,1,720,closed,2026-08-14 00:00:00,2026-08-16 22:00:00;;;
552,73,16,334,open,2026-08-13 00:00:00,2026-08-15 20:00:00;;;
553,391,29,393,closed,2026-08-24 00:00:00,2026-08-26 21:00:00;;;
554,20,16,841,open,2026-08-18 00:00:00,2026-08-19 05:00:00;;;
555,315,22,737,closed,2026-08-15 00:00:00,2026-08-17 02:00:00;;;
556,300,31,303,closed,2026-08-23 00:00:00,2026-08-23 12:00:00;;;
557,363,25,848,open,2026-08-23 00:00:00,2026-08-23 22:00:00;;;
558,171,27,98,closed,2026-08-29 00:00:00,2026-08-30 23:00:00;;;
559,296,6,686,closed,2026-08-25 00:00:00,2026-08-25 07:00:00;;;
560,235,18,217,closed,2026-08-21 00:00:00,2026-08-22 20:00:00;;;
561,87,29,635,closed,2026-08-12 00:00:00,2026-08-12 06:00:00;;;
562,365,35,163,closed,2026-08-12 00:00:00,2026-08-14 23:00:00;;;
563,340,24,791,open,2026-08-17 00:00:00,2026-08-18 17:00:00;;;
564,173,1,24,open,2026-08-28 00:00:00,2026-08-29 19:00:00;;;
565,386,13,910,closed,2026-08-12 00:00:00,2026-08-14 16:00:00;;;
566,142,5,552,closed,2026-08-17 00:00:00,2026-08-18 17:00:00;;;
567,349,21,143,closed,2026-08-18 00:00:00,2026-08-19 03:00:00;;;
568,274,16,757,open,2026-08-24 00:00:00,2026-08-24 04:00:00;;;
569,187,32,306,open,2026-08-26 00:00:00,2026-08-26 15:00:00;;;
570,288,16,965,closed,2026-08-20 00:00:00,2026-08-22 13:00:00;;;
571,31,35,722,closed,2026-08-15 00:00:00,2026-08-15 22:00:00;;;
572,390,18,708,closed,2026-08-20 00:00:00,2026-08-22 11:00:00;;;
573,195,23,255,closed,2026-08-26 00:00:00,2026-08-27 10:00:00;;;
574,47,1,373,closed,2026-08-12 00:00:00,2026-08-13 13:00:00;;;
575,195,35,415,open,2026-08-13 00:00:00,2026-08-15 20:00:00;;;
576,191,21,367,closed,2026-08-14 00:00:00,2026-08-15 12:00:00;;;
577,206,34,454,closed,2026-08-14 00:00:00,2026-08-15 09:00:00;;;
578,196,10,165,closed,2026-08-24 00:00:00,2026-08-25 01:00:00;;;
579,323,33,952,open,2026-08-30 00:00:00,2026-08-30 06:00:00;;;
580,361,24,299,closed,2026-08-22 00:00:00,2026-08-24 23:00:00;;;
581,173,35,88,open,2026-08-23 00:00:00,2026-08-25 01:00:00;;;
582,260,25,439,open,2026-09-01 00:00:00,2026-09-02 17:00:00;;;
583,211,18,563,closed,2026-08-23 00:00:00,2026-08-23 02:00:00;;;
584,331,20,609,closed,2026-08-17 00:00:00,2026-08-18 19:00:00;;;
585,380,14,44,closed,2026-08-24 00:00:00,2026-08-26 00:00:00;;;
586,207,16,375,closed,2026-08-16 00:00:00,2026-08-18 15:00:00;;;
587,35,31,782,closed,2026-08-15 00:00:00,2026-08-17 17:00:00;;;
588,274,34,672,closed,2026-08-12 00:00:00,2026-08-14 09:00:00;;;
589,266,5,813,closed,2026-08-19 00:00:00,2026-08-19 13:00:00;;;
590,147,14,953,closed,2026-08-25 00:00:00,2026-08-26 12:00:00;;;
591,123,18,448,closed,2026-08-20 00:00:00,2026-08-22 04:00:00;;;
592,373,17,663,closed,2026-08-17 00:00:00,2026-08-19 01:00:00;;;
593,342,22,379,closed,2026-08-30 00:00:00,2026-08-30 07:00:00;;;
594,81,33,84,open,2026-08-30 00:00:00,2026-08-30 21:00:00;;;
595,352,3,814,closed,2026-08-18 00:00:00,2026-08-20 15:00:00;;;
596,252,20,184,closed,2026-08-22 00:00:00,2026-08-22 14:00:00;;;
597,83,35,231,open,2026-08-14 00:00:00,2026-08-16 00:00:00;;;
598,332,9,891,closed,2026-08-24 00:00:00,2026-08-26 09:00:00;;;
599,164,12,629,open,2026-08-20 00:00:00,2026-08-21 17:00:00;;;
600,214,39,216,open,2026-08-19 00:00:00,2026-08-20 11:00:00;;;
601,33,4,,open,2026-08-25 00:00:00,2026-08-26 02:00:00;;;
602,43,22,,closed,2026-08-31 00:00:00,2026-08-31 19:00:00;;;
603,277,35,,closed,2026-08-25 00:00:00,2026-08-27 15:00:00;;;
604,248,21,,closed,2026-08-21 00:00:00,2026-08-21 04:00:00;;;
605,373,24,,open,2026-08-20 00:00:00,2026-08-20 11:00:00;;;
606,215,11,,closed,2026-08-26 00:00:00,2026-08-26 02:00:00;;;
607,169,8,,closed,2026-08-16 00:00:00,2026-08-16 23:00:00;;;
608,219,1,,open,2026-08-19 00:00:00,2026-08-20 06:00:00;;;
609,128,5,,open,2026-08-19 00:00:00,2026-08-20 19:00:00;;;
610,299,4,,closed,2026-08-25 00:00:00,2026-08-27 05:00:00;;;
611,3,18,,closed,2026-08-18 00:00:00,2026-08-20 09:00:00;;;
612,372,7,,closed,2026-08-15 00:00:00,2026-08-15 12:00:00;;;
613,25,14,,closed,2026-08-16 00:00:00,2026-08-18 18:00:00;;;
614,334,21,,closed,2026-08-27 00:00:00,2026-08-27 03:00:00;;;
615,282,11,,open,2026-08-13 00:00:00,2026-08-15 17:00:00;;;
616,342,9,,closed,2026-09-01 00:00:00,2026-09-03 17:00:00;;;
617,294,15,,closed,2026-08-21 00:00:00,2026-08-22 14:00:00;;;
618,259,20,,closed,2026-08-12 00:00:00,2026-08-13 17:00:00;;;
619,84,39,,open,2026-08-28 00:00:00,2026-08-28 04:00:00;;;
620,222,2,,closed,2026-08-22 00:00:00,2026-08-24 00:00:00;;;
621,143,2,,closed,2026-08-31 00:00:00,2026-09-01 17:00:00;;;
622,90,31,,open,2026-08-20 00:00:00,2026-08-22 16:00:00;;;
623,220,31,,closed,2026-09-01 00:00:00,2026-09-02 00:00:00;;;
624,27,13,,closed,2026-08-18 00:00:00,2026-08-20 20:00:00;;;
625,369,7,,open,2026-08-27 00:00:00,2026-08-27 09:00:00;;;
626,95,10,,closed,2026-08-31 00:00:00,2026-09-02 17:00:00;;;
627,209,11,,open,2026-08-16 00:00:00,2026-08-18 12:00:00;;;
628,219,39,,open,2026-08-13 00:00:00,2026-08-14 20:00:00;;;
629,79,35,,open,2026-08-30 00:00:00,2026-08-31 02:00:00;;;
630,309,12,,closed,2026-08-31 00:00:00,2026-09-02 03:00:00;;;
631,93,12,,open,2026-08-25 00:00:00,2026-08-26 16:00:00;;;
632,284,27,,open,2026-09-01 00:00:00,2026-09-02 18:00:00;;;
633,355,17,,closed,2026-08-18 00:00:00,2026-08-20 03:00:00;;;
634,266,9,,open,2026-08-28 00:00:00,2026-08-30 07:00:00;;;
635,132,30,,closed,2026-08-22 00:00:00,2026-08-22 21:00:00;;;
636,170,10,,closed,2026-08-31 00:00:00,2026-09-02 18:00:00;;;
637,302,34,,open,2026-08-24 00:00:00,2026-08-25 07:00:00;;;
638,14,24,,closed,2026-08-16 00:00:00,2026-08-16 19:00:00;;;
639,302,26,,closed,2026-08-26 00:00:00,2026-08-28 11:00:00;;;
640,143,29,,closed,2026-08-27 00:00:00,2026-08-27 03:00:00;;;
641,12,29,,open,2026-08-17 00:00:00,2026-08-19 05:00:00;;;
642,174,21,,closed,2026-08-25 00:00:00,2026-08-25 01:00:00;;;
643,75,17,,closed,2026-08-14 00:00:00,2026-08-15 02:00:00;;;
644,281,9,,open,2026-08-12 00:00:00,2026-08-12 06:00:00;;;
645,367,13,,open,2026-08-31 00:00:00,2026-08-31 21:00:00;;;
646,386,19,,closed,2026-09-01 00:00:00,2026-09-03 00:00:00;;;
647,186,17,,closed,2026-08-17 00:00:00,2026-08-19 01:00:00;;;
648,117,25,,closed,2026-08-30 00:00:00,2026-09-02 00:00:00;;;
649,247,6,,open,2026-08-29 00:00:00,2026-08-29 14:00:00;;;
650,143,35,,open,2026-08-21 00:00:00,2026-08-21 07:00:00;;;
651,84,7,,open,2026-08-17 00:00:00,2026-08-17 23:00:00;;;
652,78,14,,open,2026-09-01 00:00:00,2026-09-02 08:00:00;;;
653,256,36,,open,2026-08-24 00:00:00,2026-08-24 04:00:00;;;
654,84,35,,open,2026-09-01 00:00:00,2026-09-03 17:00:00;;;
655,125,3,,open,2026-08-22 00:00:00,2026-08-24 04:00:00;;;
656,109,15,,closed,2026-08-22 00:00:00,2026-08-24 15:00:00;;;
657,86,22,,closed,2026-08-24 00:00:00,2026-08-24 13:00:00;;;
658,321,13,,closed,2026-08-22 00:00:00,2026-08-22 07:00:00;;;
659,52,32,,open,2026-08-15 00:00:00,2026-08-17 18:00:00;;;
660,107,34,,closed,2026-08-17 00:00:00,2026-08-19 01:00:00;;;
661,14,15,,closed,2026-08-16 00:00:00,2026-08-18 11:00:00;;;
662,276,6,,open,2026-08-27 00:00:00,2026-08-27 02:00:00;;;
663,300,2,,closed,2026-08-16 00:00:00,2026-08-16 07:00:00;;;
664,99,39,,open,2026-08-17 00:00:00,2026-08-18 05:00:00;;;
665,110,40,,closed,2026-08-20 00:00:00,2026-08-22 02:00:00;;;
666,259,8,,closed,2026-08-15 00:00:00,2026-08-15 04:00:00;;;
667,133,8,,open,2026-08-27 00:00:00,2026-08-28 14:00:00;;;
668,153,7,,open,2026-08-16 00:00:00,2026-08-16 10:00:00;;;
669,74,18,,closed,2026-08-19 00:00:00,2026-08-20 21:00:00;;;
670,12,22,,closed,2026-08-24 00:00:00,2026-08-26 11:00:00;;;
671,143,13,,open,2026-08-21 00:00:00,2026-08-23 15:00:00;;;
672,79,32,,closed,2026-08-13 00:00:00,2026-08-13 07:00:00;;;
673,86,39,,open,2026-08-27 00:00:00,2026-08-27 12:00:00;;;
674,88,19,,closed,2026-08-16 00:00:00,2026-08-18 22:00:00;;;
675,50,7,,closed,2026-08-18 00:00:00,2026-08-20 23:00:00;;;
676,219,27,,closed,2026-08-29 00:00:00,2026-08-29 11:00:00;;;
677,155,38,,closed,2026-08-25 00:00:00,2026-08-25 11:00:00;;;
678,17,7,,closed,2026-08-25 00:00:00,2026-08-26 21:00:00;;;
679,163,6,,open,2026-08-31 00:00:00,2026-09-01 14:00:00;;;
680,14,3,,open,2026-08-15 00:00:00,2026-08-16 21:00:00;;;
681,122,23,,open,2026-08-23 00:00:00,2026-08-25 03:00:00;;;
682,279,23,,open,2026-09-01 00:00:00,2026-09-02 02:00:00;;;
683,377,25,,closed,2026-08-13 00:00:00,2026-08-14 14:00:00;;;
684,38,3,,closed,2026-08-28 00:00:00,2026-08-29 22:00:00;;;
685,166,34,,closed,2026-08-25 00:00:00,2026-08-27 20:00:00;;;
686,302,33,,closed,2026-08-23 00:00:00,2026-08-25 10:00:00;;;
687,58,32,,closed,2026-08-13 00:00:00,2026-08-15 07:00:00;;;
688,352,22,,open,2026-08-19 00:00:00,2026-08-19 10:00:00;;;
689,27,5,,closed,2026-08-26 00:00:00,2026-08-29 00:00:00;;;
690,379,36,,closed,2026-08-29 00:00:00,2026-08-31 13:00:00;;;
691,268,38,,closed,2026-08-25 00:00:00,2026-08-27 17:00:00;;;
692,345,32,,closed,2026-08-27 00:00:00,2026-08-27 10:00:00;;;
693,234,8,,closed,2026-08-20 00:00:00,2026-08-22 07:00:00;;;
694,101,21,,closed,2026-08-16 00:00:00,2026-08-16 06:00:00;;;
695,135,26,,closed,2026-09-01 00:00:00,2026-09-01 03:00:00;;;
696,14,36,,closed,2026-08-21 00:00:00,2026-08-23 07:00:00;;;
697,166,8,,closed,2026-08-23 00:00:00,2026-08-23 05:00:00;;;
698,212,23,,closed,2026-08-23 00:00:00,2026-08-23 05:00:00;;;
699,34,14,,closed,2026-08-12 00:00:00,2026-08-12 01:00:00;;;
700,349,12,,closed,2026-08-16 00:00:00,2026-08-17 03:00:00;;;
701,383,33,,open,2026-08-31 00:00:00,2026-09-01 17:00:00;;;
702,343,9,,closed,2026-08-29 00:00:00,2026-08-30 07:00:00;;;
703,380,34,,closed,2026-08-17 00:00:00,2026-08-19 09:00:00;;;
704,303,34,,closed,2026-08-27 00:00:00,2026-08-29 10:00:00;;;
705,5,3,,closed,2026-08-24 00:00:00,2026-08-25 20:00:00;;;
706,375,32,,open,2026-08-26 00:00:00,2026-08-29 00:00:00;;;
707,309,36,,open,2026-08-30 00:00:00,2026-08-30 16:00:00;;;
708,45,8,,open,2026-08-19 00:00:00,2026-08-20 01:00:00;;;
709,194,4,,open,2026-08-18 00:00:00,2026-08-18 06:00:00;;;
710,176,23,,closed,2026-08-29 00:00:00,2026-08-29 15:00:00;;;
711,7,18,,open,2026-08-26 00:00:00,2026-08-29 00:00:00;;;
712,342,5,,open,2026-08-13 00:00:00,2026-08-14 03:00:00;;;
713,7,28,,open,2026-08-31 00:00:00,2026-09-02 20:00:00;;;
714,180,1,,closed,2026-08-23 00:00:00,2026-08-25 17:00:00;;;
715,128,34,,closed,2026-08-22 00:00:00,2026-08-22 01:00:00;;;
716,342,33,,open,2026-09-01 00:00:00,2026-09-01 13:00:00;;;
717,235,37,,closed,2026-08-22 00:00:00,2026-08-22 03:00:00;;;
718,208,14,,open,2026-08-27 00:00:00,2026-08-28 07:00:00;;;
719,322,23,,closed,2026-09-01 00:00:00,2026-09-03 01:00:00;;;
720,280,32,,closed,2026-08-19 00:00:00,2026-08-19 22:00:00;;;
721,81,27,,closed,2026-08-12 00:00:00,2026-08-13 18:00:00;;;
722,184,34,,closed,2026-08-20 00:00:00,2026-08-20 16:00:00;;;
723,259,23,,open,2026-08-15 00:00:00,2026-08-15 08:00:00;;;
724,350,19,,closed,2026-08-31 00:00:00,2026-09-01 16:00:00;;;
725,277,3,,closed,2026-08-27 00:00:00,2026-08-27 07:00:00;;;
726,37,13,,closed,2026-08-31 00:00:00,2026-09-01 22:00:00;;;
727,366,34,,closed,2026-08-22 00:00:00,2026-08-22 08:00:00;;;
728,207,39,,open,2026-08-15 00:00:00,2026-08-15 13:00:00;;;
729,168,13,,open,2026-08-15 00:00:00,2026-08-17 07:00:00;;;
730,374,39,,closed,2026-08-17 00:00:00,2026-08-17 22:00:00;;;
731,360,35,,closed,2026-08-18 00:00:00,2026-08-19 10:00:00;;;
732,360,37,,open,2026-08-20 00:00:00,2026-08-21 05:00:00;;;
733,345,2,,closed,2026-08-25 00:00:00,2026-08-25 23:00:00;;;
734,3,11,,open,2026-08-23 00:00:00,2026-08-25 22:00:00;;;
735,92,14,,closed,2026-08-24 00:00:00,2026-08-24 22:00:00;;;
736,310,38,,closed,2026-08-31 00:00:00,2026-09-02 15:00:00;;;
737,147,19,,closed,2026-08-27 00:00:00,2026-08-28 23:00:00;;;
738,318,25,,open,2026-08-29 00:00:00,2026-08-30 03:00:00;;;
739,363,29,,closed,2026-08-20 00:00:00,2026-08-22 01:00:00;;;
740,350,18,,closed,2026-08-17 00:00:00,2026-08-18 08:00:00;;;
741,205,24,,closed,2026-08-18 00:00:00,2026-08-19 10:00:00;;;
742,98,2,,closed,2026-08-17 00:00:00,2026-08-19 12:00:00;;;
743,39,30,,open,2026-08-28 00:00:00,2026-08-28 21:00:00;;;
744,30,8,,closed,2026-08-28 00:00:00,2026-08-29 04:00:00;;;
745,318,16,,closed,2026-08-25 00:00:00,2026-08-27 06:00:00;;;
746,41,24,,closed,2026-08-22 00:00:00,2026-08-22 20:00:00;;;
747,3,22,,closed,2026-08-25 00:00:00,2026-08-25 12:00:00;;;
748,63,22,,open,2026-08-23 00:00:00,2026-08-23 04:00:00;;;
749,56,15,,closed,2026-08-17 00:00:00,2026-08-18 13:00:00;;;
750,299,2,,open,2026-08-24 00:00:00,2026-08-24 10:00:00;;;
