id;user_id;full_name;phone;specialty_id;experience_years;education;license_number;rating_avg;price_per_consultation_mdl
"1,1001,Dr. Ecaterina Stratan,+373 67 289 923,15,Experienced Rheumatology specialist focused on patient-centered care.,16,""MD, State University of Medicine and Pharmacy 'Nicolae Testemitanu'"",LIC-636775,4.3,1000,0";;;;;;;;;
"2,1002,Dr. Andrei Buzu,+373 60 709 505,10,Experienced Orthopedics specialist focused on patient-centered care.,6,""MD, State University of Medicine and Pharmacy 'Nicolae Testemitanu'"",LIC-574999,3.6,1200,1";;;;;;;;;
"3,1003,Dr. Ruslan Cazacu,+373 60 896 575,3,Experienced Endocrinology specialist focused on patient-centered care.,3,""MD, State University of Medicine and Pharmacy 'Nicolae Testemitanu'"",LIC-442143,3.6,450,0";;;;;;;;;
"4,1004,Dr. Alexandru Rotaru,+373 79 770 384,10,Experienced Orthopedics specialist focused on patient-centered care.,17,""MD, State University of Medicine and Pharmacy 'Nicolae Testemitanu'"",LIC-526538,3.5,350,1";;;;;;;;;
"5,1005,Dr. Natalia Rotaru,+373 61 510 210,17,Experienced ENT (Otolaryngology) specialist focused on patient-centered care.,11,""MD, State University of Medicine and Pharmacy 'Nicolae Testemitanu'"",LIC-987707,3.5,1000,1";;;;;;;;;
"6,1006,Dr. Elena Popescu,+373 79 484 825,1,Experienced Cardiology specialist focused on patient-centered care.,8,""MD, State University of Medicine and Pharmacy 'Nicolae Testemitanu'"",LIC-516729,3.8,300,0";;;;;;;;;
"7,1007,Dr. Gheorghe Grosu,+373 60 519 876,9,Experienced Ophthalmology specialist focused on patient-centered care.,12,""MD, State University of Medicine and Pharmacy 'Nicolae Testemitanu'"",LIC-223723,3.6,600,1";;;;;;;;;
"8,1008,Dr. Constantin Cojocaru,+373 62 798 672,1,Experienced Cardiology specialist focused on patient-centered care.,3,""MD, State University of Medicine and Pharmacy 'Nicolae Testemitanu'"",LIC-297536,4.2,800,0";;;;;;;;;
"9,1009,Dr. Constantin Munteanu,+373 78 317 100,14,Experienced Radiology specialist focused on patient-centered care.,22,""MD, State University of Medicine and Pharmacy 'Nicolae Testemitanu'"",LIC-382900,4.1,700,1";;;;;;;;;
"10,1010,Dr. Nicolae Balan,+373 61 143 249,13,Experienced Pulmonology specialist focused on patient-centered care.,29,""MD, State University of Medicine and Pharmacy 'Nicolae Testemitanu'"",LIC-323601,4.4,1000,0";;;;;;;;;
"11,1011,Dr. Maria Tabac,+373 61 192 313,11,Experienced Pediatrics specialist focused on patient-centered care.,28,""MD, State University of Medicine and Pharmacy 'Nicolae Testemitanu'"",LIC-711041,3.9,350,1";;;;;;;;;
"12,1012,Dr. Gheorghe Ciobanu,+373 79 952 688,12,Experienced Psychiatry specialist focused on patient-centered care.,21,""MD, State University of Medicine and Pharmacy 'Nicolae Testemitanu'"",LIC-242331,4.2,1000,0";;;;;;;;;
"13,1013,Dr. Radu Munteanu,+373 67 262 857,10,Experienced Orthopedics specialist focused on patient-centered care.,9,""MD, State University of Medicine and Pharmacy 'Nicolae Testemitanu'"",LIC-759530,4.7,450,1";;;;;;;;;
"14,1014,Dr. Galina Braga,+373 60 624 361,3,Experienced Endocrinology specialist focused on patient-centered care.,15,""MD, State University of Medicine and Pharmacy 'Nicolae Testemitanu'"",LIC-349988,3.6,350,0";;;;;;;;;
"15,1015,Dr. Tatiana Tabac,+373 62 333 590,16,Experienced Urology specialist focused on patient-centered care.,11,""MD, State University of Medicine and Pharmacy 'Nicolae Testemitanu'"",LIC-686538,4.3,350,1";;;;;;;;;
"16,1016,Dr. Diana Grosu,+373 67 161 147,1,Experienced Cardiology specialist focused on patient-centered care.,4,""MD, State University of Medicine and Pharmacy 'Nicolae Testemitanu'"",LIC-284815,3.9,800,1";;;;;;;;;
"17,1017,Dr. Cristina Lungu,+373 69 772 850,5,Experienced General Practice specialist focused on patient-centered care.,4,""MD, State University of Medicine and Pharmacy 'Nicolae Testemitanu'"",LIC-824798,4.0,800,1";;;;;;;;;
"18,1018,Dr. Igor Popescu,+373 60 712 751,16,Experienced Urology specialist focused on patient-centered care.,13,""MD, State University of Medicine and Pharmacy 'Nicolae Testemitanu'"",LIC-178468,4.6,300,0";;;;;;;;;
"19,1019,Dr. Constantin Guzun,+373 79 659 476,11,Experienced Pediatrics specialist focused on patient-centered care.,6,""MD, State University of Medicine and Pharmacy 'Nicolae Testemitanu'"",LIC-872806,5.0,350,1";;;;;;;;;
"20,1020,Dr. Vitalie Postolache,+373 78 909 130,12,Experienced Psychiatry specialist focused on patient-centered care.,4,""MD, State University of Medicine and Pharmacy 'Nicolae Testemitanu'"",LIC-624210,4.5,350,1";;;;;;;;;
"21,1021,Dr. Tatiana Lungu,+373 61 363 526,1,Experienced Cardiology specialist focused on patient-centered care.,21,""MD, State University of Medicine and Pharmacy 'Nicolae Testemitanu'"",LIC-863580,3.6,350,1";;;;;;;;;
"22,1022,Dr. Galina Lungu,+373 61 631 868,15,Experienced Rheumatology specialist focused on patient-centered care.,16,""MD, State University of Medicine and Pharmacy 'Nicolae Testemitanu'"",LIC-639525,4.2,900,1";;;;;;;;;
"23,1023,Dr. Svetlana Ceban,+373 79 898 729,16,Experienced Urology specialist focused on patient-centered care.,2,""MD, State University of Medicine and Pharmacy 'Nicolae Testemitanu'"",LIC-792198,3.8,350,0";;;;;;;;;
"24,1024,Dr. Galina Popescu,+373 67 630 273,12,Experienced Psychiatry specialist focused on patient-centered care.,11,""MD, State University of Medicine and Pharmacy 'Nicolae Testemitanu'"",LIC-890386,3.7,1000,1";;;;;;;;;
"25,1025,Dr. Irina Rotaru,+373 78 923 925,11,Experienced Pediatrics specialist focused on patient-centered care.,14,""MD, State University of Medicine and Pharmacy 'Nicolae Testemitanu'"",LIC-891286,4.5,450,1";;;;;;;;;
"26,1026,Dr. Victor Rotaru,+373 69 957 969,11,Experienced Pediatrics specialist focused on patient-centered care.,8,""MD, State University of Medicine and Pharmacy 'Nicolae Testemitanu'"",LIC-142543,3.7,800,1";;;;;;;;;
"27,1027,Dr. Ecaterina Balan,+373 78 491 740,4,Experienced Gastroenterology specialist focused on patient-centered care.,16,""MD, State University of Medicine and Pharmacy 'Nicolae Testemitanu'"",LIC-645233,4.2,450,0";;;;;;;;;
"28,1028,Dr. Viorica Tabac,+373 68 993 722,15,Experienced Rheumatology specialist focused on patient-centered care.,12,""MD, State University of Medicine and Pharmacy 'Nicolae Testemitanu'"",LIC-143503,3.6,300,1";;;;;;;;;
"29,1029,Dr. Olga Lungu,+373 67 125 887,1,Experienced Cardiology specialist focused on patient-centered care.,22,""MD, State University of Medicine and Pharmacy 'Nicolae Testemitanu'"",LIC-969970,3.7,800,1";;;;;;;;;
"30,1030,Dr. Vitalie Munteanu,+373 69 179 800,2,Experienced Dermatology specialist focused on patient-centered care.,22,""MD, State University of Medicine and Pharmacy 'Nicolae Testemitanu'"",LIC-307670,3.7,350,1";;;;;;;;;
"31,1031,Dr. Olga Balan,+373 62 331 378,1,Experienced Cardiology specialist focused on patient-centered care.,26,""MD, State University of Medicine and Pharmacy 'Nicolae Testemitanu'"",LIC-916404,4.2,300,1";;;;;;;;;
"32,1032,Dr. Victor Rotaru,+373 62 561 564,3,Experienced Endocrinology specialist focused on patient-centered care.,15,""MD, State University of Medicine and Pharmacy 'Nicolae Testemitanu'"",LIC-306440,4.9,700,1";;;;;;;;;
"33,1033,Dr. Cristina Lungu,+373 79 434 766,17,Experienced ENT (Otolaryngology) specialist focused on patient-centered care.,27,""MD, State University of Medicine and Pharmacy 'Nicolae Testemitanu'"",LIC-314847,4.7,600,1";;;;;;;;;
"34,1034,Dr. Nicolae Rotaru,+373 69 368 835,13,Experienced Pulmonology specialist focused on patient-centered care.,4,""MD, State University of Medicine and Pharmacy 'Nicolae Testemitanu'"",LIC-997354,5.0,900,1";;;;;;;;;
"35,1035,Dr. Cristina Ceban,+373 68 599 129,2,Experienced Dermatology specialist focused on patient-centered care.,16,""MD, State University of Medicine and Pharmacy 'Nicolae Testemitanu'"",LIC-328898,4.0,700,1";;;;;;;;;
"36,1036,Dr. Aurelia Rusu,+373 79 252 628,6,Experienced Neurology specialist focused on patient-centered care.,19,""MD, State University of Medicine and Pharmacy 'Nicolae Testemitanu'"",LIC-858714,4.0,400,0";;;;;;;;;
"37,1037,Dr. Svetlana Ceban,+373 62 635 626,8,Experienced Oncology specialist focused on patient-centered care.,16,""MD, State University of Medicine and Pharmacy 'Nicolae Testemitanu'"",LIC-984603,4.3,500,1";;;;;;;;;
"38,1038,Dr. Ludmila Bejan,+373 68 686 609,7,Experienced Obstetrics & Gynecology specialist focused on patient-centered care.,11,""MD, State University of Medicine and Pharmacy 'Nicolae Testemitanu'"",LIC-310729,4.8,900,0";;;;;;;;;
"39,1039,Dr. Alexandru Popescu,+373 78 657 920,13,Experienced Pulmonology specialist focused on patient-centered care.,2,""MD, State University of Medicine and Pharmacy 'Nicolae Testemitanu'"",LIC-690208,4.3,300,1";;;;;;;;;
"40,1040,Dr. Elena Balan,+373 68 352 584,3,Experienced Endocrinology specialist focused on patient-centered care.,19,""MD, State University of Medicine and Pharmacy 'Nicolae Testemitanu'"",LIC-616986,4.2,700,1";;;;;;;;;
