id,appointment_id,amount,currency,status,payment_method,transaction_id,paid_at
1,490,500,MDL,paid,Bank Transfer,TXN-8071612530,2026-08-17 19:01:00
2,101,800,MDL,failed,Cash,TXN-2481617162,
3,170,300,MDL,paid,Cash,TXN-8180406371,2026-09-04 13:59:00
4,772,300,MDL,paid,MIA (Mobile Payment),TXN-8222552741,2026-08-18 11:24:00
5,70,500,MDL,paid,Card,TXN-3321379350,2026-08-11 09:48:00
6,366,700,MDL,paid,Bank Transfer,TXN-9819334847,2026-09-09 15:38:00
7,562,1200,MDL,paid,Card,TXN-8525628666,2026-08-29 11:17:00
8,637,900,MDL,paid,Cash,TXN-5267071223,2026-09-17 15:17:00
9,699,350,MDL,paid,Card,TXN-5823516895,2026-09-12 11:53:00
10,761,1000,MDL,paid,MIA (Mobile Payment),TXN-5947320887,2026-09-09 15:50:00
11,402,1000,MDL,paid,Cash,TXN-4080381159,2026-09-08 16:34:00
12,894,300,MDL,failed,Cash,TXN-8077998869,
13,379,350,MDL,paid,Bank Transfer,TXN-7736571473,2026-09-14 19:42:00
14,484,300,MDL,paid,MIA (Mobile Payment),TXN-8275008404,2026-08-21 11:08:00
15,349,400,MDL,paid,MIA (Mobile Payment),TXN-6514997738,2026-08-31 13:45:00
16,493,400,MDL,paid,Bank Transfer,TXN-8437454532,2026-08-09 17:54:00
17,998,800,MDL,paid,Cash,TXN-4846012752,2026-09-04 11:50:00
18,454,1000,MDL,paid,Bank Transfer,TXN-2325657288,2026-09-08 13:25:00
19,628,400,MDL,paid,Bank Transfer,TXN-5211912455,2026-08-27 15:00:00
20,522,500,MDL,refunded,Cash,TXN-6015514845,
21,521,600,MDL,paid,MIA (Mobile Payment),TXN-2992825980,2026-08-18 08:12:00
22,871,350,MDL,pending,Bank Transfer,TXN-2637896619,
23,969,900,MDL,refunded,Card,TXN-3173362505,
24,294,600,MDL,paid,Bank Transfer,TXN-6803031369,2026-08-31 10:44:00
25,662,450,MDL,refunded,Cash,TXN-5295488859,
26,807,500,MDL,refunded,MIA (Mobile Payment),TXN-5885761599,
27,641,400,MDL,paid,Cash,TXN-8825196918,2026-08-15 11:39:00
28,605,700,MDL,paid,Bank Transfer,TXN-7828304518,2026-09-10 17:54:00
29,204,900,MDL,paid,Bank Transfer,TXN-7171753884,2026-08-11 10:25:00
30,286,1000,MDL,paid,Cash,TXN-8646942919,2026-09-04 10:48:00
31,155,500,MDL,paid,MIA (Mobile Payment),TXN-3772116444,2026-08-26 17:51:00
32,580,1000,MDL,refunded,Bank Transfer,TXN-2496606489,
33,482,500,MDL,paid,Card,TXN-1788317058,2026-08-07 13:30:00
34,31,400,MDL,paid,MIA (Mobile Payment),TXN-5670714866,2026-09-03 18:37:00
35,113,400,MDL,paid,Card,TXN-6021049966,2026-08-28 17:49:00
36,418,700,MDL,refunded,Cash,TXN-5634031617,
37,14,600,MDL,failed,Cash,TXN-5368269605,
38,847,700,MDL,paid,Bank Transfer,TXN-5974256634,2026-08-19 13:31:00
39,420,1200,MDL,paid,Bank Transfer,TXN-7871050358,2026-08-17 09:08:00
40,996,450,MDL,paid,MIA (Mobile Payment),TXN-9559066413,2026-09-01 09:56:00
41,25,900,MDL,paid,Cash,TXN-7572199506,2026-09-15 15:47:00
42,134,600,MDL,paid,Cash,TXN-3142424228,2026-08-22 14:09:00
43,812,450,MDL,paid,MIA (Mobile Payment),TXN-3913845712,2026-09-08 16:04:00
44,538,700,MDL,paid,Bank Transfer,TXN-2623231890,2026-09-20 15:00:00
45,800,800,MDL,paid,Cash,TXN-7558217733,2026-08-23 13:39:00
46,627,1200,MDL,paid,Bank Transfer,TXN-2896988571,2026-08-31 12:25:00
47,121,1000,MDL,paid,Bank Transfer,TXN-6775187808,2026-09-08 10:17:00
48,194,350,MDL,paid,Cash,TXN-7084979899,2026-09-23 16:44:00
49,501,500,MDL,paid,Card,TXN-3775467730,2026-09-24 19:33:00
50,747,400,MDL,paid,MIA (Mobile Payment),TXN-2716783897,2026-08-24 15:02:00
51,213,450,MDL,refunded,Card,TXN-6490491611,
52,502,1000,MDL,paid,Cash,TXN-8464861835,2026-09-21 16:00:00
53,95,1000,MDL,paid,MIA (Mobile Payment),TXN-8408970846,2026-08-23 16:16:00
54,397,300,MDL,refunded,Cash,TXN-7296564866,
55,623,500,MDL,paid,Cash,TXN-2184526830,2026-09-04 16:11:00
56,985,600,MDL,paid,MIA (Mobile Payment),TXN-2316592334,2026-08-05 08:51:00
57,638,900,MDL,refunded,MIA (Mobile Payment),TXN-3924307207,
58,698,350,MDL,refunded,Card,TXN-2118110400,
59,339,400,MDL,paid,Cash,TXN-1973596208,2026-09-24 12:25:00
60,646,600,MDL,pending,Card,TXN-1338992166,
61,120,500,MDL,refunded,MIA (Mobile Payment),TXN-7612779494,
62,137,400,MDL,paid,Bank Transfer,TXN-9553508268,2026-08-24 16:08:00
63,73,500,MDL,refunded,MIA (Mobile Payment),TXN-8388744879,
64,319,450,MDL,paid,Bank Transfer,TXN-9495482147,2026-08-11 15:33:00
65,241,1200,MDL,pending,Cash,TXN-5720148427,
66,472,600,MDL,refunded,Card,TXN-1331668867,
67,680,300,MDL,paid,Cash,TXN-9294071044,2026-09-06 12:57:00
68,784,1000,MDL,refunded,Cash,TXN-3797117060,
69,392,600,MDL,pending,MIA (Mobile Payment),TXN-7299429169,
70,560,500,MDL,refunded,MIA (Mobile Payment),TXN-8800094195,
71,929,600,MDL,paid,MIA (Mobile Payment),TXN-5323863633,2026-08-28 17:31:00
72,593,300,MDL,paid,MIA (Mobile Payment),TXN-9720777809,2026-09-12 09:05:00
73,184,400,MDL,paid,Card,TXN-7407736859,2026-09-06 15:57:00
74,152,400,MDL,paid,Cash,TXN-9896104322,2026-09-09 14:26:00
75,953,900,MDL,paid,Card,TXN-3306488173,2026-09-18 11:07:00
76,533,900,MDL,paid,Bank Transfer,TXN-6898189007,2026-08-10 18:34:00
77,587,800,MDL,paid,Cash,TXN-3557710362,2026-08-29 18:44:00
78,920,350,MDL,paid,Bank Transfer,TXN-6565172512,2026-09-04 10:45:00
79,760,700,MDL,paid,Cash,TXN-5910228906,2026-09-02 13:30:00
80,695,1200,MDL,failed,Card,TXN-3220760769,
81,608,1000,MDL,refunded,Bank Transfer,TXN-8460475369,
82,116,400,MDL,pending,Card,TXN-5487164424,
83,884,1200,MDL,paid,MIA (Mobile Payment),TXN-3086795093,2026-08-15 13:12:00
84,907,1200,MDL,paid,Bank Transfer,TXN-7316444037,2026-09-13 13:08:00
85,74,450,MDL,paid,Cash,TXN-4665115492,2026-08-13 09:17:00
86,264,1200,MDL,paid,Card,TXN-1153028014,2026-08-09 12:54:00
87,878,450,MDL,failed,Cash,TXN-2826824886,
88,917,1000,MDL,refunded,Card,TXN-8370744375,
89,821,600,MDL,refunded,Bank Transfer,TXN-5681305765,
90,388,900,MDL,paid,Cash,TXN-7771289308,2026-09-16 13:44:00
91,855,700,MDL,refunded,Bank Transfer,TXN-8205018567,
92,730,700,MDL,paid,Card,TXN-1300722345,2026-09-18 13:37:00
93,814,800,MDL,paid,Bank Transfer,TXN-9589339355,2026-09-18 18:48:00
94,239,800,MDL,paid,Card,TXN-7373222880,2026-09-14 09:42:00
95,767,300,MDL,failed,Cash,TXN-5885597839,
96,324,600,MDL,refunded,Cash,TXN-9391336785,
97,248,350,MDL,paid,Bank Transfer,TXN-1820703665,2026-08-13 12:04:00
98,626,900,MDL,paid,Bank Transfer,TXN-2995771690,2026-08-19 11:41:00
99,443,400,MDL,paid,MIA (Mobile Payment),TXN-3454107206,2026-08-16 12:41:00
100,944,450,MDL,refunded,Cash,TXN-2545731930,
101,639,300,MDL,paid,Bank Transfer,TXN-1063752771,2026-09-20 11:52:00
102,644,300,MDL,paid,Bank Transfer,TXN-6185472006,2026-09-05 11:39:00
103,895,800,MDL,paid,Card,TXN-7944482358,2026-09-14 15:54:00
104,788,800,MDL,refunded,MIA (Mobile Payment),TXN-1077790999,
105,135,450,MDL,paid,Bank Transfer,TXN-9923878244,2026-09-12 09:09:00
106,125,500,MDL,failed,Bank Transfer,TXN-9870381936,
107,394,800,MDL,refunded,Cash,TXN-3521969560,
108,863,600,MDL,paid,MIA (Mobile Payment),TXN-6555240919,2026-09-18 12:48:00
109,270,1200,MDL,paid,Bank Transfer,TXN-1846129796,2026-09-23 17:43:00
110,979,1200,MDL,paid,Cash,TXN-7852886112,2026-08-19 15:24:00
111,539,900,MDL,refunded,Card,TXN-4704740809,
112,256,350,MDL,paid,Card,TXN-2206816739,2026-08-15 08:11:00
113,13,1200,MDL,failed,Card,TXN-3652094571,
114,891,1200,MDL,paid,Cash,TXN-2427546251,2026-09-24 16:06:00
115,131,1000,MDL,paid,MIA (Mobile Payment),TXN-9915552342,2026-09-20 14:32:00
116,886,900,MDL,paid,Card,TXN-2561231827,2026-09-08 18:45:00
117,544,500,MDL,paid,Cash,TXN-5504744297,2026-09-28 12:13:00
118,160,400,MDL,paid,Card,TXN-9998515939,2026-08-23 15:41:00
119,790,1200,MDL,paid,Bank Transfer,TXN-1746040171,2026-08-08 16:25:00
120,56,600,MDL,refunded,MIA (Mobile Payment),TXN-7986897803,
121,900,1200,MDL,paid,Cash,TXN-8187430567,2026-08-30 17:15:00
122,722,450,MDL,paid,MIA (Mobile Payment),TXN-3036856891,2026-08-10 11:51:00
123,386,350,MDL,paid,MIA (Mobile Payment),TXN-7654459745,2026-09-19 17:46:00
124,728,350,MDL,paid,MIA (Mobile Payment),TXN-2793536384,2026-08-15 11:27:00
125,150,800,MDL,paid,Bank Transfer,TXN-9305307734,2026-08-21 15:56:00
126,203,350,MDL,paid,MIA (Mobile Payment),TXN-5547101032,2026-09-24 10:22:00
127,378,500,MDL,paid,MIA (Mobile Payment),TXN-7683722670,2026-08-28 10:59:00
128,564,600,MDL,pending,Card,TXN-4720668621,
129,902,350,MDL,paid,Cash,TXN-9611728134,2026-09-04 17:08:00
130,672,800,MDL,paid,MIA (Mobile Payment),TXN-9234367861,2026-08-09 19:35:00
131,569,1200,MDL,refunded,Cash,TXN-5778006484,
132,282,1200,MDL,paid,MIA (Mobile Payment),TXN-8312824990,2026-09-15 15:51:00
133,801,300,MDL,paid,Bank Transfer,TXN-8568690344,2026-09-13 17:53:00
134,753,450,MDL,pending,Cash,TXN-9146013310,
135,643,1200,MDL,paid,Bank Transfer,TXN-7891451473,2026-08-11 12:49:00
136,419,350,MDL,refunded,Cash,TXN-6669134300,
137,852,450,MDL,paid,Card,TXN-2683483115,2026-08-29 13:30:00
138,836,350,MDL,refunded,Card,TXN-8417657229,
139,856,500,MDL,failed,MIA (Mobile Payment),TXN-2024601258,
140,793,1000,MDL,paid,Cash,TXN-9117657637,2026-09-03 14:20:00
141,529,500,MDL,paid,MIA (Mobile Payment),TXN-9855353491,2026-09-02 09:25:00
142,838,900,MDL,paid,MIA (Mobile Payment),TXN-8207482622,2026-09-11 08:56:00
143,496,700,MDL,paid,Card,TXN-8790680444,2026-09-14 09:37:00
144,875,500,MDL,refunded,MIA (Mobile Payment),TXN-9401227090,
145,743,450,MDL,paid,Card,TXN-9874960451,2026-08-23 09:17:00
146,360,700,MDL,paid,Cash,TXN-6141332047,2026-09-08 19:47:00
147,881,600,MDL,paid,Bank Transfer,TXN-7468143735,2026-08-15 15:13:00
148,81,300,MDL,refunded,Bank Transfer,TXN-2349163638,
149,988,500,MDL,paid,Card,TXN-9273512615,2026-08-17 17:26:00
150,333,400,MDL,refunded,Bank Transfer,TXN-3504764443,
151,363,500,MDL,pending,Bank Transfer,TXN-3801193724,
152,199,350,MDL,pending,MIA (Mobile Payment),TXN-3748969070,
153,180,450,MDL,paid,MIA (Mobile Payment),TXN-8589362068,2026-09-28 11:16:00
154,809,900,MDL,pending,Cash,TXN-8583097027,
155,942,500,MDL,refunded,Card,TXN-6138829069,
156,228,400,MDL,paid,Card,TXN-3662741518,2026-09-03 18:58:00
157,603,1200,MDL,paid,Cash,TXN-7241268602,2026-09-08 18:37:00
158,318,300,MDL,paid,MIA (Mobile Payment),TXN-8232121348,2026-08-18 17:29:00
159,424,450,MDL,refunded,MIA (Mobile Payment),TXN-1930878247,
160,393,900,MDL,paid,Bank Transfer,TXN-9051057151,2026-09-04 18:45:00
161,665,800,MDL,paid,MIA (Mobile Payment),TXN-3187111129,2026-08-23 10:21:00
162,183,700,MDL,paid,MIA (Mobile Payment),TXN-2200048991,2026-09-26 18:07:00
163,960,300,MDL,paid,Bank Transfer,TXN-1130966404,2026-08-22 10:08:00
164,599,350,MDL,paid,MIA (Mobile Payment),TXN-9052170994,2026-08-28 16:42:00
165,103,1000,MDL,paid,Cash,TXN-1119799176,2026-09-18 16:49:00
166,705,1200,MDL,refunded,Bank Transfer,TXN-3155316893,
167,269,300,MDL,failed,Card,TXN-7031460976,
168,140,300,MDL,paid,MIA (Mobile Payment),TXN-8572644066,2026-08-23 08:06:00
169,90,300,MDL,paid,Card,TXN-6724324406,2026-08-24 18:28:00
170,574,1200,MDL,paid,Bank Transfer,TXN-7603049427,2026-08-29 10:40:00
171,924,600,MDL,paid,MIA (Mobile Payment),TXN-9040841743,2026-09-13 10:45:00
172,468,1200,MDL,paid,MIA (Mobile Payment),TXN-1441557092,2026-08-10 14:00:00
173,537,800,MDL,paid,Card,TXN-3518906807,2026-09-07 11:43:00
174,197,500,MDL,refunded,Card,TXN-8184543884,
175,295,450,MDL,paid,Bank Transfer,TXN-6221078720,2026-08-20 15:37:00
176,440,1200,MDL,refunded,Bank Transfer,TXN-4283872424,
177,880,700,MDL,paid,Card,TXN-2446645880,2026-08-18 18:07:00
178,226,500,MDL,paid,Card,TXN-9844531990,2026-09-07 15:26:00
179,173,1000,MDL,paid,Bank Transfer,TXN-5232357491,2026-08-26 13:38:00
180,796,800,MDL,refunded,Cash,TXN-4070652755,
181,802,800,MDL,refunded,Bank Transfer,TXN-2887009961,
182,26,450,MDL,failed,Bank Transfer,TXN-6582572043,
183,312,800,MDL,pending,Cash,TXN-4565755441,
184,803,1200,MDL,failed,Card,TXN-7528870454,
185,930,300,MDL,paid,MIA (Mobile Payment),TXN-7803817273,2026-08-26 16:08:00
186,46,700,MDL,paid,Bank Transfer,TXN-4960752236,2026-08-21 19:23:00
187,908,500,MDL,paid,Cash,TXN-1563738784,2026-08-15 12:28:00
188,516,400,MDL,paid,MIA (Mobile Payment),TXN-3006614601,2026-09-08 09:41:00
189,265,800,MDL,paid,MIA (Mobile Payment),TXN-1053378948,2026-08-17 18:52:00
190,893,450,MDL,paid,Bank Transfer,TXN-1619406342,2026-09-07 13:15:00
191,708,1200,MDL,paid,Cash,TXN-6578519506,2026-09-09 09:43:00
192,494,600,MDL,paid,MIA (Mobile Payment),TXN-6327198121,2026-08-23 19:38:00
193,925,800,MDL,paid,Card,TXN-5174256389,2026-08-28 17:36:00
194,9,350,MDL,refunded,MIA (Mobile Payment),TXN-2540184939,
195,61,400,MDL,paid,Cash,TXN-9587791344,2026-08-07 08:27:00
196,219,600,MDL,paid,Cash,TXN-8418495507,2026-09-01 15:48:00
197,65,700,MDL,paid,Card,TXN-9046220242,2026-09-20 15:44:00
198,407,350,MDL,paid,MIA (Mobile Payment),TXN-9572932372,2026-08-18 10:21:00
199,143,600,MDL,paid,Cash,TXN-3340545174,2026-09-09 14:47:00
200,112,900,MDL,failed,Cash,TXN-9526053113,
201,292,300,MDL,pending,Card,TXN-1217069564,
202,334,900,MDL,paid,Card,TXN-4882202407,2026-09-07 14:15:00
203,281,1200,MDL,refunded,Bank Transfer,TXN-1704482843,
204,670,300,MDL,paid,Bank Transfer,TXN-3712694333,2026-09-17 10:17:00
205,316,300,MDL,refunded,MIA (Mobile Payment),TXN-9180322838,
206,601,400,MDL,paid,Cash,TXN-3691500194,2026-08-18 11:21:00
207,565,400,MDL,paid,MIA (Mobile Payment),TXN-1565204403,2026-08-24 13:15:00
208,778,500,MDL,paid,MIA (Mobile Payment),TXN-8898448706,2026-09-11 15:30:00
209,105,1000,MDL,refunded,MIA (Mobile Payment),TXN-2530158953,
210,931,400,MDL,pending,Card,TXN-9186727335,
211,132,500,MDL,paid,Cash,TXN-2221870736,2026-09-14 08:34:00
212,808,400,MDL,paid,MIA (Mobile Payment),TXN-7354670839,2026-09-27 19:31:00
213,912,1200,MDL,paid,MIA (Mobile Payment),TXN-1384104883,2026-09-18 19:44:00
214,935,1200,MDL,paid,MIA (Mobile Payment),TXN-5814441490,2026-08-19 18:42:00
215,541,1000,MDL,refunded,Bank Transfer,TXN-6835537667,
216,779,700,MDL,paid,Card,TXN-8594903789,2026-09-02 17:20:00
217,179,600,MDL,paid,MIA (Mobile Payment),TXN-1954915397,2026-09-05 14:18:00
218,724,600,MDL,paid,Cash,TXN-2894626782,2026-08-17 15:09:00
219,354,400,MDL,paid,Bank Transfer,TXN-4923519789,2026-09-02 14:25:00
220,398,800,MDL,paid,Bank Transfer,TXN-1938185766,2026-09-14 12:32:00
221,874,700,MDL,failed,MIA (Mobile Payment),TXN-4217670369,
222,859,1000,MDL,paid,Cash,TXN-5739283415,2026-08-31 17:16:00
223,172,1000,MDL,paid,Card,TXN-7935801271,2026-08-18 11:32:00
224,255,1200,MDL,paid,MIA (Mobile Payment),TXN-9781869226,2026-08-15 13:04:00
225,746,800,MDL,paid,Card,TXN-9518403235,2026-09-20 15:17:00
226,974,600,MDL,paid,Cash,TXN-8915821154,2026-08-27 13:14:00
227,952,700,MDL,paid,Cash,TXN-7896418245,2026-08-28 14:40:00
228,782,1200,MDL,refunded,Card,TXN-2692968144,
229,711,600,MDL,paid,Cash,TXN-3942547432,2026-09-11 15:46:00
230,62,1200,MDL,paid,Cash,TXN-9706518432,2026-09-14 11:37:00
231,770,400,MDL,refunded,MIA (Mobile Payment),TXN-5077991337,
232,164,1200,MDL,paid,Cash,TXN-1872419614,2026-08-10 17:24:00
233,457,400,MDL,paid,Bank Transfer,TXN-4045346384,2026-08-25 11:42:00
234,452,450,MDL,paid,Cash,TXN-3265798436,2026-09-13 14:55:00
235,471,800,MDL,paid,Card,TXN-8938425583,2026-08-10 14:27:00
236,887,700,MDL,paid,Bank Transfer,TXN-1726493954,2026-09-18 17:01:00
237,406,400,MDL,refunded,MIA (Mobile Payment),TXN-9863544046,
238,83,1000,MDL,paid,Bank Transfer,TXN-9986345384,2026-08-30 12:03:00
239,622,900,MDL,refunded,MIA (Mobile Payment),TXN-3820003556,
240,343,400,MDL,paid,Cash,TXN-6205015240,2026-08-19 14:26:00
241,697,450,MDL,paid,Bank Transfer,TXN-5509605867,2026-09-01 12:49:00
242,718,800,MDL,paid,Card,TXN-5171952754,2026-08-29 17:19:00
243,449,1000,MDL,paid,Cash,TXN-8991026591,2026-09-06 16:15:00
244,161,300,MDL,paid,MIA (Mobile Payment),TXN-1257685129,2026-09-10 17:52:00
245,879,350,MDL,paid,Cash,TXN-1659976749,2026-08-20 17:46:00
246,55,800,MDL,paid,Cash,TXN-6611156168,2026-09-21 16:31:00
247,278,700,MDL,pending,MIA (Mobile Payment),TXN-7216477356,
248,872,400,MDL,paid,Card,TXN-9190132581,2026-08-14 18:30:00
249,345,700,MDL,paid,Cash,TXN-2588206990,2026-08-26 16:27:00
250,126,300,MDL,paid,Bank Transfer,TXN-7609182834,2026-08-30 18:56:00
251,567,500,MDL,refunded,MIA (Mobile Payment),TXN-8034368296,
252,464,300,MDL,failed,Card,TXN-3512956567,
253,102,800,MDL,failed,Bank Transfer,TXN-9363269229,
254,411,450,MDL,paid,Bank Transfer,TXN-1097116028,2026-09-03 16:13:00
255,640,1200,MDL,paid,Card,TXN-7278899865,2026-09-06 10:17:00
256,75,1200,MDL,refunded,Cash,TXN-8756741702,
257,883,1200,MDL,pending,Cash,TXN-2836674287,
258,403,500,MDL,paid,MIA (Mobile Payment),TXN-4880305746,2026-08-14 09:27:00
259,915,450,MDL,paid,Bank Transfer,TXN-3539991293,2026-09-14 11:49:00
260,899,800,MDL,paid,Card,TXN-3322635761,2026-08-30 15:05:00
261,629,350,MDL,paid,Cash,TXN-1347987276,2026-09-11 12:06:00
262,973,1000,MDL,refunded,MIA (Mobile Payment),TXN-4664498183,
263,559,300,MDL,refunded,Card,TXN-1027328748,
264,154,350,MDL,paid,MIA (Mobile Payment),TXN-6139582114,2026-09-09 16:32:00
265,352,400,MDL,paid,Bank Transfer,TXN-5230070448,2026-09-05 11:25:00
266,549,1200,MDL,failed,Cash,TXN-3542096339,
267,972,350,MDL,paid,MIA (Mobile Payment),TXN-3110196225,2026-08-14 12:57:00
268,187,700,MDL,paid,Cash,TXN-9241366013,2026-08-30 17:50:00
269,432,350,MDL,paid,MIA (Mobile Payment),TXN-1700989690,2026-09-16 12:36:00
270,63,450,MDL,paid,Card,TXN-9808574102,2026-08-28 16:52:00
271,76,700,MDL,paid,Bank Transfer,TXN-6283359439,2026-08-16 10:27:00
272,963,600,MDL,paid,Cash,TXN-2196345227,2026-09-19 14:48:00
273,115,900,MDL,paid,MIA (Mobile Payment),TXN-6992529876,2026-08-28 10:08:00
274,32,600,MDL,paid,MIA (Mobile Payment),TXN-6910891957,2026-08-24 11:03:00
275,785,1000,MDL,refunded,MIA (Mobile Payment),TXN-2366806709,
276,41,600,MDL,paid,Cash,TXN-6698432347,2026-08-31 18:56:00
277,987,800,MDL,refunded,Bank Transfer,TXN-6735948172,
278,642,500,MDL,paid,Cash,TXN-9972768927,2026-09-08 18:55:00
279,938,700,MDL,paid,Cash,TXN-3566809897,2026-09-11 19:42:00
280,694,450,MDL,paid,Card,TXN-9135865649,2026-09-15 18:43:00
281,635,1200,MDL,paid,MIA (Mobile Payment),TXN-8049245506,2026-09-04 14:21:00
282,681,700,MDL,paid,Card,TXN-4895249439,2026-09-11 17:36:00
283,940,700,MDL,paid,Card,TXN-7224425366,2026-08-27 13:25:00
284,982,450,MDL,paid,Cash,TXN-9052244778,2026-09-08 16:09:00
285,221,300,MDL,paid,Card,TXN-2111682865,2026-08-03 10:32:00
286,921,450,MDL,paid,Bank Transfer,TXN-9816361762,2026-08-28 17:56:00
287,582,500,MDL,refunded,Cash,TXN-8727602381,
288,776,400,MDL,paid,Bank Transfer,TXN-8124223581,2026-08-22 16:35:00
289,238,700,MDL,paid,Card,TXN-8412255237,2026-09-15 09:57:00
290,999,600,MDL,paid,Bank Transfer,TXN-8413350944,2026-08-22 09:03:00
291,466,1200,MDL,paid,Cash,TXN-4722795105,2026-08-28 09:28:00
292,279,1200,MDL,paid,Card,TXN-2999240598,2026-08-29 13:51:00
293,499,700,MDL,paid,Cash,TXN-5179039754,2026-09-18 15:50:00
294,33,700,MDL,pending,Card,TXN-4327801275,
295,956,700,MDL,paid,Card,TXN-3197520272,2026-09-18 09:39:00
296,262,500,MDL,paid,MIA (Mobile Payment),TXN-3755857762,2026-08-15 14:40:00
297,826,350,MDL,paid,Cash,TXN-8998309383,2026-09-16 15:02:00
298,910,900,MDL,paid,Cash,TXN-2669517038,2026-09-24 18:45:00
299,748,450,MDL,paid,MIA (Mobile Payment),TXN-9712177416,2026-08-20 09:12:00
300,118,300,MDL,paid,Bank Transfer,TXN-3178753245,2026-08-07 10:15:00
301,578,400,MDL,paid,Card,TXN-2172736231,2026-08-25 16:29:00
302,405,900,MDL,refunded,Bank Transfer,TXN-5171086622,
303,727,1000,MDL,failed,Bank Transfer,TXN-1002942240,
304,456,1200,MDL,refunded,MIA (Mobile Payment),TXN-5667795970,
305,828,900,MDL,paid,MIA (Mobile Payment),TXN-5196585207,2026-09-14 10:18:00
306,735,600,MDL,paid,Card,TXN-8521654480,2026-08-21 15:37:00
307,858,450,MDL,failed,Bank Transfer,TXN-1656827009,
308,781,800,MDL,paid,Bank Transfer,TXN-4357637046,2026-09-05 10:19:00
309,57,800,MDL,paid,Card,TXN-6264547465,2026-09-19 11:22:00
310,441,700,MDL,paid,Card,TXN-3816457172,2026-09-10 11:36:00
311,310,900,MDL,paid,Cash,TXN-7090274356,2026-08-27 14:29:00
312,709,800,MDL,paid,Cash,TXN-5310481964,2026-09-05 16:05:00
313,577,500,MDL,paid,Card,TXN-8499992229,2026-09-01 14:22:00
314,994,700,MDL,paid,Card,TXN-8096223409,2026-08-07 17:41:00
315,156,900,MDL,refunded,MIA (Mobile Payment),TXN-1750686936,
316,860,600,MDL,paid,Card,TXN-3423361395,2026-09-29 19:55:00
317,961,450,MDL,paid,Card,TXN-9366680147,2026-09-18 16:16:00
318,47,500,MDL,paid,MIA (Mobile Payment),TXN-3471824193,2026-08-29 18:59:00
319,29,900,MDL,paid,MIA (Mobile Payment),TXN-6407341934,2026-08-06 10:56:00
320,79,400,MDL,paid,Bank Transfer,TXN-4604356969,2026-08-26 09:08:00
321,450,700,MDL,paid,Card,TXN-8413345005,2026-09-25 09:40:00
322,78,350,MDL,paid,Card,TXN-7720093245,2026-09-16 15:42:00
323,332,350,MDL,refunded,MIA (Mobile Payment),TXN-4884663875,
324,283,1200,MDL,refunded,Cash,TXN-4775260943,
325,430,1000,MDL,paid,Card,TXN-6410395460,2026-08-30 15:32:00
326,967,300,MDL,paid,Cash,TXN-8676719211,2026-09-09 13:40:00
327,738,900,MDL,paid,Card,TXN-6353765874,2026-08-22 13:53:00
328,756,700,MDL,paid,Cash,TXN-1614382913,2026-08-26 15:36:00
329,60,350,MDL,refunded,Bank Transfer,TXN-8223149727,
330,346,800,MDL,paid,Card,TXN-2138594800,2026-09-25 10:21:00
331,271,600,MDL,paid,Bank Transfer,TXN-4319786418,2026-08-05 16:16:00
332,337,350,MDL,paid,Cash,TXN-1608148365,2026-08-19 11:19:00
333,576,700,MDL,pending,MIA (Mobile Payment),TXN-3718830228,
334,981,450,MDL,paid,Card,TXN-6632122800,2026-09-16 12:03:00
335,288,900,MDL,paid,Bank Transfer,TXN-8018734020,2026-08-11 17:01:00
336,789,700,MDL,paid,Bank Transfer,TXN-2103398999,2026-09-18 15:05:00
337,955,1000,MDL,paid,Card,TXN-1205426361,2026-08-07 10:49:00
338,873,800,MDL,paid,Cash,TXN-4853013841,2026-08-25 14:55:00
339,997,450,MDL,paid,Card,TXN-7499215071,2026-09-14 17:49:00
340,414,600,MDL,refunded,MIA (Mobile Payment),TXN-9219599978,
341,469,400,MDL,refunded,Cash,TXN-9428849444,
342,89,600,MDL,paid,Card,TXN-4543778891,2026-08-22 11:28:00
343,111,300,MDL,refunded,Cash,TXN-9473375854,
344,478,450,MDL,refunded,Bank Transfer,TXN-6811709534,
345,236,1200,MDL,paid,Card,TXN-9227915607,2026-09-13 15:49:00
346,107,900,MDL,paid,Cash,TXN-6083069156,2026-09-26 17:47:00
347,251,300,MDL,paid,MIA (Mobile Payment),TXN-3011695980,2026-08-24 13:16:00
348,518,1000,MDL,paid,Card,TXN-9039497012,2026-08-12 17:20:00
349,465,350,MDL,failed,Card,TXN-9889760903,
350,820,900,MDL,paid,Card,TXN-9888409634,2026-09-15 18:46:00
351,853,1200,MDL,paid,Card,TXN-1199971418,2026-09-02 09:23:00
352,373,700,MDL,paid,Card,TXN-2780651557,2026-08-19 10:21:00
353,151,300,MDL,pending,Bank Transfer,TXN-3828383478,
354,495,1000,MDL,paid,Card,TXN-5569898897,2026-09-03 09:20:00
355,447,1200,MDL,paid,Bank Transfer,TXN-1711908584,2026-08-18 09:01:00
356,650,450,MDL,paid,Bank Transfer,TXN-7463941856,2026-09-14 15:05:00
357,240,400,MDL,paid,Card,TXN-5005689194,2026-08-25 14:13:00
358,425,600,MDL,paid,Bank Transfer,TXN-6246635032,2026-08-25 12:04:00
359,305,800,MDL,paid,Bank Transfer,TXN-5897479110,2026-09-17 10:21:00
360,410,1000,MDL,paid,MIA (Mobile Payment),TXN-5309368989,2026-08-19 09:59:00
361,30,800,MDL,paid,Card,TXN-2297804497,2026-09-05 13:31:00
362,690,500,MDL,paid,MIA (Mobile Payment),TXN-9828809171,2026-09-09 17:13:00
363,791,500,MDL,paid,Card,TXN-3043202658,2026-09-13 12:07:00
364,446,1200,MDL,paid,Card,TXN-2224516340,2026-08-23 16:41:00
365,485,1200,MDL,paid,Card,TXN-7540824913,2026-09-23 17:01:00
366,664,450,MDL,paid,Card,TXN-3934905118,2026-08-16 17:32:00
367,147,1200,MDL,refunded,Card,TXN-3881501013,
368,630,700,MDL,pending,Card,TXN-2201719429,
369,416,900,MDL,paid,Card,TXN-2502185350,2026-09-30 12:05:00
370,595,400,MDL,paid,Bank Transfer,TXN-7625941753,2026-08-14 12:53:00
371,733,1000,MDL,failed,MIA (Mobile Payment),TXN-2982295483,
372,261,350,MDL,paid,Card,TXN-7346304579,2026-09-14 18:54:00
373,258,400,MDL,paid,Card,TXN-4795493549,2026-09-27 12:22:00
374,298,350,MDL,paid,MIA (Mobile Payment),TXN-8006436443,2026-08-22 12:37:00
375,575,350,MDL,paid,Card,TXN-8063031263,2026-08-11 12:42:00
376,486,450,MDL,paid,MIA (Mobile Payment),TXN-9716933225,2026-09-17 18:30:00
377,971,700,MDL,pending,Card,TXN-1081790556,
378,512,450,MDL,pending,Bank Transfer,TXN-2596133058,
379,750,1200,MDL,pending,Card,TXN-6585070039,
380,545,600,MDL,paid,Card,TXN-4197908756,2026-08-21 17:11:00
381,350,800,MDL,paid,Card,TXN-6034711529,2026-09-03 19:42:00
382,222,600,MDL,paid,MIA (Mobile Payment),TXN-5078209773,2026-09-27 08:04:00
383,896,1000,MDL,pending,Bank Transfer,TXN-8757844084,
384,231,700,MDL,paid,MIA (Mobile Payment),TXN-9436699379,2026-08-30 17:20:00
385,556,400,MDL,refunded,Cash,TXN-5631639181,
386,3,1000,MDL,paid,Cash,TXN-9452841769,2026-09-11 14:20:00
387,923,1000,MDL,paid,MIA (Mobile Payment),TXN-8102835532,2026-09-20 11:12:00
388,12,1200,MDL,paid,Cash,TXN-7416388738,2026-08-18 12:20:00
389,88,450,MDL,paid,Bank Transfer,TXN-6874583116,2026-08-11 12:51:00
390,341,900,MDL,paid,Bank Transfer,TXN-1454090295,2026-08-30 15:54:00
391,523,1200,MDL,failed,Bank Transfer,TXN-9498050209,
392,547,900,MDL,pending,MIA (Mobile Payment),TXN-4239365664,
393,329,600,MDL,paid,MIA (Mobile Payment),TXN-4601413866,2026-08-25 09:39:00
394,421,600,MDL,paid,MIA (Mobile Payment),TXN-7084677311,2026-09-05 13:18:00
395,77,600,MDL,failed,Bank Transfer,TXN-2397442311,
396,451,450,MDL,paid,Bank Transfer,TXN-5954323099,2026-09-12 18:56:00
397,45,700,MDL,pending,Cash,TXN-7016521423,
398,954,600,MDL,failed,MIA (Mobile Payment),TXN-1344763942,
399,983,500,MDL,paid,Card,TXN-1637435004,2026-08-14 12:36:00
400,550,450,MDL,paid,Cash,TXN-1056915465,2026-09-09 18:17:00
401,362,400,MDL,refunded,Cash,TXN-2133676791,
402,109,600,MDL,paid,Cash,TXN-3340391793,2026-08-21 15:02:00
403,797,300,MDL,paid,Bank Transfer,TXN-4167806105,2026-09-21 17:35:00
404,35,1000,MDL,refunded,Cash,TXN-4231326422,
405,671,600,MDL,paid,Cash,TXN-1615079895,2026-09-06 16:38:00
406,146,450,MDL,paid,Bank Transfer,TXN-2022816886,2026-08-15 13:25:00
407,459,1200,MDL,paid,Card,TXN-7537165670,2026-09-05 11:51:00
408,774,700,MDL,paid,Bank Transfer,TXN-9842671785,2026-08-31 18:41:00
409,355,350,MDL,paid,Card,TXN-3831616332,2026-09-15 10:11:00
410,50,500,MDL,failed,Cash,TXN-2875840521,
411,667,700,MDL,paid,Bank Transfer,TXN-9418311150,2026-08-11 12:36:00
412,848,450,MDL,paid,MIA (Mobile Payment),TXN-6914702093,2026-09-02 18:39:00
413,229,300,MDL,paid,MIA (Mobile Payment),TXN-9900544872,2026-08-16 13:08:00
414,618,900,MDL,paid,MIA (Mobile Payment),TXN-9699031761,2026-08-21 18:37:00
415,675,600,MDL,failed,Cash,TXN-9982355023,
416,412,350,MDL,paid,MIA (Mobile Payment),TXN-7363255344,2026-08-11 19:32:00
417,816,800,MDL,paid,Bank Transfer,TXN-7292782469,2026-09-24 10:04:00
418,461,500,MDL,refunded,Card,TXN-7853184090,
419,448,800,MDL,paid,Card,TXN-1727126735,2026-08-14 13:20:00
420,769,1000,MDL,refunded,Card,TXN-2693204468,
421,504,600,MDL,paid,Bank Transfer,TXN-8880036163,2026-08-20 12:05:00
422,165,900,MDL,paid,MIA (Mobile Payment),TXN-6404297830,2026-08-14 17:20:00
423,867,900,MDL,refunded,Card,TXN-2449132866,
424,991,350,MDL,paid,Bank Transfer,TXN-6397695397,2026-09-16 12:31:00
425,861,500,MDL,paid,Cash,TXN-9413460403,2026-09-30 13:41:00
426,989,350,MDL,paid,Cash,TXN-7599874562,2026-08-17 18:02:00
427,323,400,MDL,paid,Card,TXN-3723664124,2026-09-08 19:19:00
428,683,500,MDL,paid,Cash,TXN-4072988036,2026-08-26 17:13:00
429,833,400,MDL,paid,Cash,TXN-2994090270,2026-08-27 16:05:00
430,517,1200,MDL,paid,Card,TXN-1259587588,2026-08-10 17:04:00
431,530,400,MDL,refunded,Card,TXN-8058574239,
432,927,350,MDL,refunded,MIA (Mobile Payment),TXN-9887669509,
433,51,600,MDL,paid,Cash,TXN-1486407180,2026-09-24 16:45:00
434,138,1200,MDL,paid,Cash,TXN-8856160930,2026-08-12 09:24:00
435,250,900,MDL,paid,Bank Transfer,TXN-6263251815,2026-08-13 09:26:00
436,948,1000,MDL,paid,MIA (Mobile Payment),TXN-8705121731,2026-09-13 15:42:00
437,766,400,MDL,paid,Bank Transfer,TXN-7952492783,2026-08-08 15:01:00
438,71,500,MDL,paid,MIA (Mobile Payment),TXN-4293681273,2026-09-04 12:48:00
439,710,700,MDL,paid,Cash,TXN-7412061155,2026-09-25 16:41:00
440,483,700,MDL,refunded,Cash,TXN-8129718964,
441,351,1200,MDL,paid,Card,TXN-3154213590,2026-09-03 19:12:00
442,717,900,MDL,refunded,Cash,TXN-6249127862,
443,609,800,MDL,refunded,MIA (Mobile Payment),TXN-5349062713,
444,374,400,MDL,paid,Cash,TXN-3688285947,2026-08-27 18:27:00
445,344,450,MDL,paid,Card,TXN-9770940360,2026-08-08 18:59:00
446,369,400,MDL,paid,Bank Transfer,TXN-2201929040,2026-09-02 16:03:00
447,367,350,MDL,paid,Bank Transfer,TXN-5616626535,2026-08-20 17:31:00
448,377,1000,MDL,paid,Bank Transfer,TXN-3848468416,2026-08-31 10:53:00
449,290,600,MDL,refunded,Bank Transfer,TXN-6157917499,
450,684,800,MDL,refunded,Cash,TXN-7926485786,
451,657,600,MDL,paid,Card,TXN-5203110172,2026-08-22 10:26:00
452,780,350,MDL,paid,MIA (Mobile Payment),TXN-1674917618,2026-09-07 18:11:00
453,651,1200,MDL,paid,MIA (Mobile Payment),TXN-1616174176,2026-09-09 12:51:00
454,133,500,MDL,refunded,Bank Transfer,TXN-4835857304,
455,765,400,MDL,paid,MIA (Mobile Payment),TXN-7613351859,2026-08-19 11:15:00
456,297,1000,MDL,paid,Cash,TXN-3014894348,2026-09-21 12:01:00
457,732,1200,MDL,refunded,Cash,TXN-9353440807,
458,202,300,MDL,paid,Bank Transfer,TXN-6776735609,2026-08-20 16:44:00
459,525,400,MDL,refunded,Card,TXN-5974670108,
460,542,1000,MDL,pending,Card,TXN-6066374971,
461,215,300,MDL,refunded,Card,TXN-1894464197,
462,805,900,MDL,paid,Bank Transfer,TXN-5456596640,2026-09-16 17:41:00
463,473,500,MDL,paid,Card,TXN-3646936609,2026-08-17 15:09:00
464,191,350,MDL,paid,Bank Transfer,TXN-9078301470,2026-08-18 19:09:00
465,141,900,MDL,pending,Card,TXN-3338070048,
466,775,350,MDL,failed,MIA (Mobile Payment),TXN-7084149343,
467,18,1200,MDL,paid,Card,TXN-2650624991,2026-09-17 17:37:00
468,492,1000,MDL,paid,Bank Transfer,TXN-9992822175,2026-08-30 17:49:00
469,163,450,MDL,paid,Bank Transfer,TXN-5744175267,2026-09-15 09:12:00
470,431,1000,MDL,paid,MIA (Mobile Payment),TXN-2701514444,2026-08-14 17:58:00
471,817,600,MDL,paid,Card,TXN-5255688536,2026-09-16 15:16:00
472,648,700,MDL,failed,Bank Transfer,TXN-2882531395,
473,658,800,MDL,refunded,MIA (Mobile Payment),TXN-8698879415,
474,84,400,MDL,paid,Cash,TXN-7781179563,2026-08-17 13:19:00
475,968,600,MDL,paid,Cash,TXN-2800086527,2026-08-17 13:00:00
476,167,800,MDL,paid,MIA (Mobile Payment),TXN-9927884041,2026-08-24 18:13:00
477,100,400,MDL,paid,Bank Transfer,TXN-5053889436,2026-09-13 18:14:00
478,338,600,MDL,paid,MIA (Mobile Payment),TXN-2384834740,2026-08-27 13:38:00
479,413,500,MDL,paid,Cash,TXN-8613625316,2026-08-14 12:40:00
480,590,500,MDL,paid,Bank Transfer,TXN-9947035356,2026-09-29 11:02:00
481,868,450,MDL,paid,Bank Transfer,TXN-7587141213,2026-08-19 11:51:00
482,792,1000,MDL,paid,Card,TXN-7019137695,2026-09-05 18:21:00
483,437,600,MDL,paid,Cash,TXN-7017604328,2026-08-26 14:46:00
484,976,1200,MDL,failed,Cash,TXN-8148329844,
485,195,800,MDL,paid,Cash,TXN-1593842285,2026-09-26 16:07:00
486,731,300,MDL,paid,Cash,TXN-8407268336,2026-08-12 17:31:00
487,216,1200,MDL,paid,Bank Transfer,TXN-3655647206,2026-09-14 09:10:00
488,911,700,MDL,paid,Bank Transfer,TXN-3940138588,2026-09-21 08:53:00
489,142,700,MDL,paid,Card,TXN-3678661686,2026-09-12 11:42:00
490,301,600,MDL,paid,Card,TXN-5379664856,2026-08-26 15:34:00
491,314,700,MDL,paid,MIA (Mobile Payment),TXN-3698109034,2026-09-11 11:19:00
492,442,400,MDL,paid,Card,TXN-1849624775,2026-09-11 15:59:00
493,16,1200,MDL,paid,Bank Transfer,TXN-9302660190,2026-08-23 14:02:00
494,579,400,MDL,paid,Cash,TXN-7845462240,2026-09-10 14:22:00
495,514,700,MDL,refunded,Cash,TXN-8509927704,
496,945,1000,MDL,paid,Bank Transfer,TXN-5325511180,2026-09-10 16:42:00
497,212,800,MDL,paid,MIA (Mobile Payment),TXN-2914080109,2026-09-18 19:15:00
498,941,800,MDL,paid,Cash,TXN-5458496653,2026-09-27 15:05:00
499,725,900,MDL,refunded,Cash,TXN-6287935048,
500,636,350,MDL,paid,MIA (Mobile Payment),TXN-3440355314,2026-08-16 14:46:00
501,387,1000,MDL,paid,MIA (Mobile Payment),TXN-1476207723,2026-08-12 19:04:00
502,986,450,MDL,refunded,Cash,TXN-1714439707,
503,384,300,MDL,paid,Cash,TXN-5506243041,2026-09-25 16:25:00
504,423,450,MDL,refunded,Bank Transfer,TXN-6289241841,
505,822,900,MDL,failed,MIA (Mobile Payment),TXN-5130327366,
506,205,800,MDL,failed,Cash,TXN-2116008818,
507,520,600,MDL,paid,Bank Transfer,TXN-3329099261,2026-09-14 14:41:00
508,669,900,MDL,paid,Cash,TXN-4610134672,2026-09-27 14:03:00
509,396,400,MDL,failed,Card,TXN-8314873295,
510,96,350,MDL,paid,Bank Transfer,TXN-9152788558,2026-08-24 10:36:00
511,851,900,MDL,paid,MIA (Mobile Payment),TXN-4937277221,2026-08-13 19:42:00
512,702,900,MDL,paid,Bank Transfer,TXN-7355954897,2026-08-21 11:18:00
513,581,1000,MDL,paid,Card,TXN-3520299271,2026-09-07 17:42:00
514,966,450,MDL,refunded,Cash,TXN-5360349737,
515,245,900,MDL,paid,MIA (Mobile Payment),TXN-3838802810,2026-09-25 18:21:00
516,479,1200,MDL,paid,Bank Transfer,TXN-9136118357,2026-09-18 08:27:00
517,408,700,MDL,failed,Card,TXN-3843018030,
518,825,700,MDL,paid,Bank Transfer,TXN-6307090614,2026-09-07 09:56:00
519,901,400,MDL,paid,Bank Transfer,TXN-4926307140,2026-08-13 12:30:00
520,66,800,MDL,refunded,MIA (Mobile Payment),TXN-2364869796,
521,82,350,MDL,paid,Cash,TXN-6812081526,2026-09-10 11:32:00
522,438,1000,MDL,failed,Card,TXN-6036636723,
523,52,300,MDL,paid,Card,TXN-4261949820,2026-08-24 10:51:00
524,754,350,MDL,paid,Cash,TXN-3611664935,2026-09-08 09:04:00
525,714,500,MDL,paid,Bank Transfer,TXN-8813807535,2026-08-28 17:43:00
526,849,700,MDL,paid,Bank Transfer,TXN-4535579720,2026-08-13 09:08:00
527,136,450,MDL,paid,MIA (Mobile Payment),TXN-1604449845,2026-08-19 15:39:00
528,696,800,MDL,paid,MIA (Mobile Payment),TXN-2673708020,2026-08-17 09:22:00
529,106,1000,MDL,paid,MIA (Mobile Payment),TXN-1761203170,2026-08-15 11:55:00
530,48,900,MDL,paid,Cash,TXN-5421500175,2026-09-01 14:58:00
531,99,1000,MDL,paid,Bank Transfer,TXN-9274376403,2026-08-15 13:54:00
532,389,800,MDL,paid,Bank Transfer,TXN-1454672663,2026-08-31 11:56:00
533,806,800,MDL,paid,Bank Transfer,TXN-5494571138,2026-08-24 18:08:00
534,934,900,MDL,paid,Card,TXN-9834982108,2026-09-07 15:02:00
535,371,600,MDL,paid,Card,TXN-9330805262,2026-09-16 11:49:00
536,39,800,MDL,paid,Bank Transfer,TXN-3175656542,2026-09-07 18:15:00
537,110,900,MDL,refunded,Bank Transfer,TXN-4647583211,
538,233,1000,MDL,paid,MIA (Mobile Payment),TXN-1321482573,2026-09-08 16:27:00
539,633,700,MDL,refunded,Bank Transfer,TXN-9927917769,
540,548,300,MDL,refunded,Bank Transfer,TXN-5195918588,
541,224,450,MDL,pending,Bank Transfer,TXN-1595930570,
542,98,800,MDL,paid,Bank Transfer,TXN-8962313073,2026-09-19 11:03:00
543,474,300,MDL,paid,Card,TXN-3142946129,2026-09-24 15:05:00
544,795,450,MDL,paid,MIA (Mobile Payment),TXN-2993397439,2026-09-20 10:52:00
545,385,450,MDL,pending,Card,TXN-5914110895,
546,395,300,MDL,failed,Bank Transfer,TXN-3463957702,
547,336,800,MDL,paid,Bank Transfer,TXN-3673777105,2026-08-20 15:50:00
548,903,900,MDL,failed,Card,TXN-7283078344,
549,24,700,MDL,paid,MIA (Mobile Payment),TXN-6388452968,2026-08-31 19:28:00
550,810,1000,MDL,failed,Cash,TXN-5358392628,
551,943,400,MDL,paid,Cash,TXN-8351416890,2026-08-28 14:30:00
552,21,900,MDL,pending,MIA (Mobile Payment),TXN-9355233090,
553,435,700,MDL,paid,MIA (Mobile Payment),TXN-9384397590,2026-08-28 17:04:00
554,426,800,MDL,refunded,Cash,TXN-8526564603,
555,511,450,MDL,paid,MIA (Mobile Payment),TXN-6887618008,2026-08-29 16:05:00
556,185,600,MDL,refunded,Bank Transfer,TXN-2437089844,
557,980,400,MDL,paid,Cash,TXN-5800499710,2026-08-22 19:12:00
558,882,450,MDL,paid,Cash,TXN-4333640791,2026-09-16 09:58:00
559,391,600,MDL,paid,Bank Transfer,TXN-7759740005,2026-08-23 18:39:00
560,445,700,MDL,paid,Bank Transfer,TXN-1322330179,2026-08-29 12:53:00
561,655,350,MDL,pending,Cash,TXN-2885281094,
562,612,1200,MDL,paid,Card,TXN-1945495202,2026-08-19 17:38:00
563,552,1000,MDL,paid,Card,TXN-4324145652,2026-09-16 19:26:00
564,365,1200,MDL,paid,Cash,TXN-9929429121,2026-09-06 14:52:00
565,958,500,MDL,paid,Card,TXN-9000029714,2026-08-21 10:25:00
566,49,350,MDL,paid,Bank Transfer,TXN-9567145445,2026-08-27 19:11:00
567,841,1200,MDL,paid,MIA (Mobile Payment),TXN-2501556296,2026-09-03 12:40:00
568,321,500,MDL,paid,Bank Transfer,TXN-2229745710,2026-09-06 09:41:00
569,368,400,MDL,paid,Cash,TXN-7630988027,2026-08-27 18:10:00
570,839,350,MDL,paid,Bank Transfer,TXN-5542003212,2026-09-06 10:27:00
571,799,900,MDL,paid,Card,TXN-8596105356,2026-09-17 12:27:00
572,304,900,MDL,paid,Cash,TXN-4716340981,2026-09-17 11:13:00
573,527,300,MDL,paid,Cash,TXN-5540777163,2026-09-08 18:18:00
574,455,400,MDL,paid,Bank Transfer,TXN-3626897708,2026-08-19 19:13:00
575,347,600,MDL,paid,Cash,TXN-2880456643,2026-08-16 10:55:00
576,335,600,MDL,paid,Card,TXN-5372639720,2026-09-21 11:49:00
577,348,900,MDL,paid,Card,TXN-3705372445,2026-08-08 12:51:00
578,551,600,MDL,paid,Card,TXN-3243870890,2026-08-23 12:30:00
579,763,300,MDL,paid,Bank Transfer,TXN-8449831382,2026-09-07 18:09:00
580,922,600,MDL,paid,Card,TXN-5315853284,2026-09-12 18:52:00
581,480,500,MDL,paid,Card,TXN-1889341731,2026-08-30 12:22:00
582,749,900,MDL,refunded,Bank Transfer,TXN-2609797851,
583,536,400,MDL,paid,Bank Transfer,TXN-1165686263,2026-08-22 16:33:00
584,509,1200,MDL,paid,Bank Transfer,TXN-1700828187,2026-08-13 12:08:00
585,117,350,MDL,paid,Bank Transfer,TXN-3003690036,2026-09-02 11:59:00
586,196,800,MDL,pending,Bank Transfer,TXN-1174876238,
587,328,300,MDL,paid,Cash,TXN-6459691875,2026-08-23 09:27:00
588,500,800,MDL,paid,Bank Transfer,TXN-2479052685,2026-09-10 12:57:00
589,144,1200,MDL,paid,Cash,TXN-3524480841,2026-08-15 11:26:00
590,865,700,MDL,paid,Bank Transfer,TXN-3734231347,2026-08-18 13:26:00
591,751,600,MDL,paid,Cash,TXN-7314713944,2026-09-13 15:39:00
592,975,450,MDL,failed,Bank Transfer,TXN-4407098155,
593,563,300,MDL,paid,MIA (Mobile Payment),TXN-6996688849,2026-09-08 09:35:00
594,311,500,MDL,paid,MIA (Mobile Payment),TXN-8146735045,2026-09-09 09:04:00
595,10,350,MDL,refunded,Cash,TXN-4678081222,
596,660,600,MDL,paid,Card,TXN-6086962007,2026-09-06 17:21:00
597,555,350,MDL,pending,Cash,TXN-7910906207,
598,85,1200,MDL,paid,Card,TXN-1841223748,2026-08-21 10:54:00
599,68,600,MDL,paid,Cash,TXN-7656717517,2026-09-20 19:28:00
600,505,450,MDL,paid,Bank Transfer,TXN-1089943423,2026-09-26 15:49:00
601,214,1200,MDL,paid,MIA (Mobile Payment),TXN-3020122613,2026-08-24 14:34:00
602,263,500,MDL,paid,Card,TXN-3008726327,2026-09-29 14:25:00
603,124,900,MDL,failed,Card,TXN-7003303705,
604,422,1200,MDL,paid,MIA (Mobile Payment),TXN-1477637782,2026-08-24 14:33:00
605,566,600,MDL,paid,Bank Transfer,TXN-5635483398,2026-08-20 09:13:00
606,653,1200,MDL,paid,Bank Transfer,TXN-7625177754,2026-08-15 17:24:00
607,962,700,MDL,paid,Cash,TXN-2295008150,2026-09-14 10:34:00
608,919,300,MDL,paid,MIA (Mobile Payment),TXN-5421591847,2026-08-29 18:45:00
609,594,1000,MDL,paid,Cash,TXN-5110810843,2026-09-05 16:06:00
610,380,350,MDL,paid,Bank Transfer,TXN-2045961980,2026-08-17 17:44:00
611,429,350,MDL,refunded,Cash,TXN-1008286934,
612,984,900,MDL,failed,Cash,TXN-5168571645,
613,798,600,MDL,paid,MIA (Mobile Payment),TXN-1082815883,2026-08-20 17:30:00
614,175,1200,MDL,refunded,MIA (Mobile Payment),TXN-6865912389,
615,824,500,MDL,refunded,MIA (Mobile Payment),TXN-3623066784,
616,659,350,MDL,pending,MIA (Mobile Payment),TXN-8380960636,
617,877,600,MDL,paid,Bank Transfer,TXN-6295521519,2026-09-01 10:29:00
618,122,600,MDL,refunded,Card,TXN-7107312595,
619,470,450,MDL,failed,Bank Transfer,TXN-5547128570,
620,926,700,MDL,refunded,Cash,TXN-5808520924,
621,864,1200,MDL,paid,Cash,TXN-5440057229,2026-09-11 15:47:00
622,44,1200,MDL,paid,Cash,TXN-7439568208,2026-09-16 19:19:00
623,296,400,MDL,refunded,Card,TXN-3121989372,
624,192,800,MDL,paid,Bank Transfer,TXN-5262339978,2026-09-02 10:27:00
625,678,500,MDL,paid,Bank Transfer,TXN-3280466179,2026-09-14 13:14:00
626,306,1000,MDL,paid,MIA (Mobile Payment),TXN-2785258187,2026-08-25 10:12:00
627,830,400,MDL,paid,Bank Transfer,TXN-1399101365,2026-08-15 10:38:00
628,700,1200,MDL,refunded,MIA (Mobile Payment),TXN-1064169031,
629,475,1200,MDL,paid,Bank Transfer,TXN-6622573450,2026-09-18 18:01:00
630,850,900,MDL,paid,Card,TXN-6011620828,2026-08-11 17:31:00
631,27,700,MDL,paid,Bank Transfer,TXN-2249119871,2026-09-19 17:10:00
632,375,700,MDL,paid,MIA (Mobile Payment),TXN-3030380739,2026-09-19 09:18:00
633,383,800,MDL,paid,Card,TXN-1237982103,2026-08-20 11:56:00
634,487,500,MDL,refunded,Card,TXN-7365726150,
635,119,450,MDL,paid,Card,TXN-8434266672,2026-09-21 19:22:00
636,444,350,MDL,paid,Bank Transfer,TXN-5856735906,2026-08-18 15:06:00
637,845,400,MDL,paid,Card,TXN-6395031930,2026-08-30 16:41:00
638,701,1200,MDL,paid,MIA (Mobile Payment),TXN-1215117617,2026-09-13 15:00:00
639,614,600,MDL,paid,MIA (Mobile Payment),TXN-5676938072,2026-09-03 17:54:00
640,129,1000,MDL,paid,Card,TXN-7590183579,2026-08-20 13:44:00
641,679,700,MDL,paid,Card,TXN-6526373873,2026-08-23 14:20:00
642,572,1200,MDL,paid,Bank Transfer,TXN-7607519557,2026-08-21 17:05:00
643,752,800,MDL,paid,Cash,TXN-4584621472,2026-08-03 14:12:00
644,17,700,MDL,paid,Cash,TXN-3698944591,2026-08-04 16:33:00
645,209,500,MDL,paid,Cash,TXN-9646578872,2026-08-26 09:03:00
646,104,600,MDL,paid,Bank Transfer,TXN-8646906902,2026-08-12 10:58:00
647,885,700,MDL,paid,Bank Transfer,TXN-5631216808,2026-09-05 10:25:00
648,376,500,MDL,failed,Cash,TXN-8081960090,
649,58,600,MDL,refunded,Bank Transfer,TXN-5195259897,
650,508,1200,MDL,failed,Card,TXN-9578518364,
651,677,400,MDL,paid,Cash,TXN-6846563676,2026-09-10 16:56:00
652,909,600,MDL,paid,Bank Transfer,TXN-7708703825,2026-09-20 10:12:00
653,2,300,MDL,paid,MIA (Mobile Payment),TXN-5624974668,2026-09-05 15:05:00
654,947,600,MDL,paid,Card,TXN-6097281957,2026-08-11 11:02:00
655,254,600,MDL,paid,Cash,TXN-5873187384,2026-09-23 12:22:00
656,573,300,MDL,refunded,Bank Transfer,TXN-7558099209,
657,823,400,MDL,paid,Bank Transfer,TXN-9407310957,2026-09-25 12:23:00
658,876,300,MDL,paid,Card,TXN-1650118777,2026-08-28 15:07:00
659,42,300,MDL,paid,MIA (Mobile Payment),TXN-7873952350,2026-09-17 16:13:00
660,519,1000,MDL,failed,Bank Transfer,TXN-9001096603,
661,320,1000,MDL,paid,Cash,TXN-4622233874,2026-09-17 17:03:00
662,361,700,MDL,refunded,Card,TXN-4977583496,
663,647,1000,MDL,paid,MIA (Mobile Payment),TXN-2364539733,2026-08-25 10:03:00
664,300,300,MDL,paid,MIA (Mobile Payment),TXN-9217756499,2026-08-25 10:30:00
665,843,1200,MDL,paid,Card,TXN-9541358784,2026-08-27 17:30:00
666,656,400,MDL,failed,Cash,TXN-5998040537,
667,712,900,MDL,paid,Cash,TXN-3403859089,2026-09-17 15:08:00
668,401,800,MDL,paid,Bank Transfer,TXN-9880478798,2026-08-13 18:44:00
669,528,1000,MDL,paid,Bank Transfer,TXN-7085244275,2026-09-19 15:08:00
670,400,400,MDL,paid,Cash,TXN-2572577225,2026-08-14 17:23:00
671,846,450,MDL,refunded,MIA (Mobile Payment),TXN-2407853396,
672,739,1200,MDL,paid,Cash,TXN-2562096844,2026-09-02 12:10:00
673,965,700,MDL,paid,Bank Transfer,TXN-7906375863,2026-09-06 11:10:00
674,869,600,MDL,paid,MIA (Mobile Payment),TXN-2575256397,2026-09-02 08:59:00
675,744,450,MDL,paid,Bank Transfer,TXN-2026618612,2026-09-09 16:57:00
676,745,1200,MDL,paid,Card,TXN-3661386442,2026-09-16 08:50:00
677,327,500,MDL,paid,Bank Transfer,TXN-4785107206,2026-08-28 18:25:00
678,970,500,MDL,paid,Cash,TXN-6250123303,2026-09-13 14:29:00
679,611,450,MDL,refunded,MIA (Mobile Payment),TXN-8311278672,
680,888,500,MDL,paid,MIA (Mobile Payment),TXN-5386207810,2026-08-13 18:09:00
681,302,1000,MDL,paid,Card,TXN-3593238030,2026-08-06 12:24:00
682,439,1000,MDL,paid,MIA (Mobile Payment),TXN-1248589429,2026-09-10 19:50:00
683,453,1200,MDL,paid,Bank Transfer,TXN-4638040962,2026-08-16 16:32:00
684,72,500,MDL,paid,MIA (Mobile Payment),TXN-6736013480,2026-09-13 12:40:00
685,177,900,MDL,refunded,Cash,TXN-9177191997,
686,737,800,MDL,paid,Card,TXN-6283442582,2026-08-12 16:54:00
687,370,1200,MDL,paid,MIA (Mobile Payment),TXN-1965074109,2026-09-21 16:08:00
688,645,450,MDL,paid,Cash,TXN-4753791434,2026-08-20 17:03:00
689,531,900,MDL,refunded,Bank Transfer,TXN-7218205825,
690,223,300,MDL,paid,Bank Transfer,TXN-5932323623,2026-09-21 19:17:00
691,949,1000,MDL,refunded,MIA (Mobile Payment),TXN-9678449459,
692,372,400,MDL,refunded,Cash,TXN-1537999653,
693,43,400,MDL,paid,MIA (Mobile Payment),TXN-5389581476,2026-09-07 18:54:00
694,625,800,MDL,paid,MIA (Mobile Payment),TXN-7250729403,2026-09-20 12:57:00
695,978,700,MDL,paid,Bank Transfer,TXN-5325041892,2026-09-26 09:44:00
696,268,500,MDL,paid,MIA (Mobile Payment),TXN-1063475720,2026-08-31 13:34:00
697,149,450,MDL,paid,Cash,TXN-4047018001,2026-08-20 14:56:00
698,198,1200,MDL,paid,Cash,TXN-6638959133,2026-09-26 13:56:00
699,673,1000,MDL,paid,MIA (Mobile Payment),TXN-1516701086,2026-09-20 17:04:00
700,992,500,MDL,paid,Cash,TXN-4081225746,2026-08-14 17:16:00
701,477,400,MDL,refunded,Card,TXN-1297455254,
702,535,1200,MDL,refunded,Card,TXN-9179087667,
703,663,900,MDL,refunded,Bank Transfer,TXN-5037054891,
704,36,350,MDL,refunded,MIA (Mobile Payment),TXN-6474870888,
705,707,300,MDL,paid,MIA (Mobile Payment),TXN-5230159106,2026-09-03 10:10:00
706,898,350,MDL,paid,Bank Transfer,TXN-5261671877,2026-09-09 18:30:00
707,309,1000,MDL,refunded,Card,TXN-2024233985,
708,932,800,MDL,paid,Cash,TXN-7001440121,2026-09-22 08:49:00
709,813,450,MDL,paid,Card,TXN-7044073086,2026-09-03 08:07:00
710,620,300,MDL,paid,MIA (Mobile Payment),TXN-2676769623,2026-09-26 16:19:00
711,740,400,MDL,paid,Cash,TXN-7800292974,2026-08-17 09:38:00
712,634,700,MDL,paid,Card,TXN-6835695869,2026-09-07 18:06:00
713,723,800,MDL,failed,Bank Transfer,TXN-4015864403,
714,857,900,MDL,failed,Card,TXN-5375893189,
715,342,700,MDL,paid,MIA (Mobile Payment),TXN-5317655879,2026-09-11 10:07:00
716,726,1200,MDL,paid,MIA (Mobile Payment),TXN-3727802297,2026-09-26 18:11:00
717,139,300,MDL,refunded,Cash,TXN-7081700080,
718,607,400,MDL,paid,Bank Transfer,TXN-9685289161,2026-08-23 15:58:00
719,686,350,MDL,pending,Card,TXN-2479799501,
720,870,1000,MDL,paid,Cash,TXN-9010982261,2026-08-14 13:02:00
721,946,300,MDL,refunded,Cash,TXN-5788092274,
722,759,1200,MDL,pending,Cash,TXN-2381919861,
723,253,500,MDL,paid,Bank Transfer,TXN-1603111592,2026-09-08 19:30:00
724,844,1000,MDL,paid,MIA (Mobile Payment),TXN-1121890414,2026-08-21 15:29:00
725,553,1200,MDL,failed,MIA (Mobile Payment),TXN-5489961157,
726,597,900,MDL,paid,Bank Transfer,TXN-4341065044,2026-09-12 12:09:00
727,317,900,MDL,paid,Bank Transfer,TXN-7185037612,2026-08-11 13:30:00
728,145,800,MDL,paid,MIA (Mobile Payment),TXN-2284699641,2026-08-17 18:26:00
729,661,500,MDL,paid,Cash,TXN-7650626553,2026-08-10 17:42:00
730,687,350,MDL,paid,Cash,TXN-2331936213,2026-09-01 11:00:00
731,190,900,MDL,paid,Cash,TXN-6192903417,2026-09-02 16:30:00
732,741,1000,MDL,pending,Bank Transfer,TXN-1557426228,
733,86,400,MDL,pending,Cash,TXN-3749822685,
734,704,1000,MDL,paid,Cash,TXN-7582860160,2026-08-18 15:02:00
735,87,1200,MDL,paid,Cash,TXN-9789546305,2026-09-14 12:54:00
736,313,500,MDL,paid,Cash,TXN-6961070737,2026-09-23 13:13:00
737,193,450,MDL,paid,Cash,TXN-3747172092,2026-08-14 13:52:00
738,176,400,MDL,paid,MIA (Mobile Payment),TXN-3692619220,2026-08-26 11:12:00
739,1,350,MDL,paid,MIA (Mobile Payment),TXN-1662850234,2026-09-08 19:41:00
740,94,600,MDL,refunded,Bank Transfer,TXN-1116317804,
741,436,1200,MDL,paid,MIA (Mobile Payment),TXN-4336804519,2026-09-09 15:14:00
742,340,300,MDL,paid,MIA (Mobile Payment),TXN-3774198493,2026-09-14 19:30:00
743,91,1200,MDL,paid,Cash,TXN-9317989148,2026-08-18 11:10:00
744,358,450,MDL,paid,Cash,TXN-1423002699,2026-08-14 14:39:00
745,957,500,MDL,refunded,Bank Transfer,TXN-4170403387,
746,768,300,MDL,paid,Card,TXN-2810001238,2026-08-27 16:29:00
747,993,600,MDL,paid,MIA (Mobile Payment),TXN-1741585969,2026-09-14 16:59:00
748,291,1200,MDL,paid,Bank Transfer,TXN-1232527760,2026-09-09 17:20:00
749,188,700,MDL,paid,MIA (Mobile Payment),TXN-6767342007,2026-09-18 19:00:00
750,257,350,MDL,paid,Cash,TXN-9719012667,2026-09-08 12:31:00
751,498,600,MDL,paid,Cash,TXN-4112589894,2026-09-11 09:34:00
752,208,900,MDL,paid,Card,TXN-1662065264,2026-09-04 10:17:00
753,409,700,MDL,failed,Cash,TXN-1570853890,
754,130,1200,MDL,paid,Bank Transfer,TXN-1894129014,2026-09-01 17:01:00
755,543,450,MDL,paid,Bank Transfer,TXN-6429579726,2026-08-21 14:20:00
756,819,350,MDL,paid,MIA (Mobile Payment),TXN-2803806040,2026-09-14 12:12:00
757,232,400,MDL,paid,MIA (Mobile Payment),TXN-7171133344,2026-08-21 16:09:00
758,235,1000,MDL,refunded,MIA (Mobile Payment),TXN-6093676015,
759,284,700,MDL,paid,Bank Transfer,TXN-9060586966,2026-08-14 18:50:00
760,584,350,MDL,refunded,Card,TXN-2905105375,
761,554,450,MDL,pending,Card,TXN-3625194331,
762,491,350,MDL,failed,Card,TXN-4736546552,
763,97,1000,MDL,paid,MIA (Mobile Payment),TXN-2227334419,2026-08-18 11:50:00
764,503,500,MDL,paid,Cash,TXN-7966420816,2026-08-21 12:40:00
765,862,800,MDL,paid,Bank Transfer,TXN-9366790218,2026-08-19 14:31:00
766,399,600,MDL,paid,Bank Transfer,TXN-3693575162,2026-09-03 08:36:00
767,331,900,MDL,paid,Cash,TXN-8174557759,2026-09-08 12:47:00
768,308,350,MDL,pending,Card,TXN-3072408878,
769,649,500,MDL,paid,Cash,TXN-8639118026,2026-09-14 18:15:00
770,181,700,MDL,paid,Cash,TXN-2654567188,2026-09-16 10:15:00
771,950,600,MDL,paid,Cash,TXN-2111213764,2026-08-20 12:35:00
772,995,800,MDL,refunded,MIA (Mobile Payment),TXN-8924833892,
773,247,400,MDL,paid,Card,TXN-4359498980,2026-08-13 10:32:00
774,159,400,MDL,paid,MIA (Mobile Payment),TXN-4949135291,2026-09-01 15:54:00
775,829,300,MDL,paid,Cash,TXN-8607835713,2026-09-23 17:32:00
776,272,350,MDL,paid,MIA (Mobile Payment),TXN-1688195204,2026-08-28 13:46:00
777,764,600,MDL,refunded,MIA (Mobile Payment),TXN-8728159577,
778,913,400,MDL,paid,Card,TXN-5934882305,2026-09-13 15:11:00
779,600,700,MDL,paid,Card,TXN-1239085681,2026-08-20 17:01:00
780,783,1000,MDL,paid,MIA (Mobile Payment),TXN-2686704139,2026-08-17 14:33:00
781,914,900,MDL,refunded,Cash,TXN-2008622702,
782,274,400,MDL,paid,Bank Transfer,TXN-6863840403,2026-08-29 18:23:00
783,561,800,MDL,paid,Cash,TXN-1302840946,2026-08-18 09:16:00
784,515,800,MDL,paid,Cash,TXN-5000090304,2026-08-23 13:57:00
785,382,300,MDL,paid,Bank Transfer,TXN-5912342387,2026-08-30 10:06:00
786,93,1000,MDL,refunded,Card,TXN-1965025186,
787,211,300,MDL,paid,Card,TXN-3252797980,2026-08-29 11:26:00
788,11,500,MDL,paid,MIA (Mobile Payment),TXN-5522278549,2026-09-22 14:52:00
789,904,350,MDL,paid,Card,TXN-3837751051,2026-08-11 16:15:00
790,19,500,MDL,pending,Cash,TXN-7267532414,
791,777,300,MDL,paid,MIA (Mobile Payment),TXN-8292462387,2026-09-16 12:42:00
792,415,1200,MDL,paid,Card,TXN-9605718005,2026-08-27 18:40:00
793,267,700,MDL,pending,Cash,TXN-3903948641,
794,8,600,MDL,paid,Card,TXN-9473522814,2026-09-15 18:21:00
795,53,300,MDL,paid,Bank Transfer,TXN-6281822463,2026-08-23 12:49:00
796,937,600,MDL,paid,Bank Transfer,TXN-3748171924,2026-09-07 19:28:00
797,293,700,MDL,paid,Bank Transfer,TXN-3427959179,2026-08-04 19:39:00
798,685,500,MDL,paid,MIA (Mobile Payment),TXN-1552837099,2026-08-28 13:24:00
799,64,450,MDL,paid,Card,TXN-6282490302,2026-09-11 08:25:00
800,218,1000,MDL,paid,Card,TXN-4628667402,2026-09-13 17:29:00
801,427,400,MDL,refunded,Cash,TXN-9891919491,
802,604,700,MDL,paid,Card,TXN-9172074373,2026-08-24 16:29:00
803,488,500,MDL,paid,Bank Transfer,TXN-7041211436,2026-09-16 15:05:00
804,755,700,MDL,paid,Cash,TXN-1619526892,2026-09-08 13:47:00
805,307,300,MDL,refunded,Bank Transfer,TXN-8648290085,
806,632,300,MDL,refunded,Card,TXN-8518079550,
807,771,350,MDL,paid,Cash,TXN-2982434721,2026-08-30 13:50:00
808,692,350,MDL,paid,Card,TXN-2588621031,2026-08-15 18:40:00
809,207,500,MDL,paid,Card,TXN-1113910430,2026-09-03 17:00:00
810,166,600,MDL,refunded,Cash,TXN-7941640828,
811,734,450,MDL,paid,Bank Transfer,TXN-1749606128,2026-09-22 08:19:00
812,811,300,MDL,refunded,Cash,TXN-3925212094,
813,588,600,MDL,paid,Cash,TXN-4148532716,2026-09-10 16:06:00
814,624,450,MDL,paid,Bank Transfer,TXN-6703746572,2026-08-06 17:54:00
815,23,350,MDL,paid,Cash,TXN-4108412254,2026-08-08 16:53:00
816,742,700,MDL,paid,Cash,TXN-3339453675,2026-09-27 16:30:00
817,467,800,MDL,paid,Bank Transfer,TXN-5893226320,2026-08-14 12:10:00
818,906,800,MDL,paid,Cash,TXN-2641430058,2026-09-15 13:04:00
819,866,800,MDL,paid,Card,TXN-8033382368,2026-08-18 10:59:00
820,359,700,MDL,paid,Cash,TXN-3124872479,2026-09-14 15:49:00
821,326,450,MDL,paid,Card,TXN-8638781733,2026-08-25 11:20:00
822,390,700,MDL,paid,Bank Transfer,TXN-4672704692,2026-09-18 11:19:00
823,285,400,MDL,refunded,Cash,TXN-3739162467,
824,325,400,MDL,paid,Cash,TXN-3564984090,2026-08-31 13:50:00
825,682,450,MDL,refunded,MIA (Mobile Payment),TXN-4237653683,
826,364,350,MDL,paid,Card,TXN-7250754961,2026-09-22 15:11:00
827,990,800,MDL,paid,Bank Transfer,TXN-3365486483,2026-08-29 16:06:00
828,108,800,MDL,paid,Cash,TXN-3319443118,2026-09-04 11:41:00
829,510,350,MDL,refunded,Cash,TXN-1600013543,
830,67,700,MDL,paid,Cash,TXN-5429753711,2026-09-02 10:04:00
831,762,500,MDL,paid,Bank Transfer,TXN-2112610067,2026-09-11 12:08:00
832,153,800,MDL,paid,Cash,TXN-7797583727,2026-08-14 17:35:00
833,616,900,MDL,paid,Cash,TXN-2327314470,2026-08-28 13:45:00
834,22,300,MDL,paid,Cash,TXN-4133598132,2026-08-21 16:59:00
835,689,1000,MDL,paid,Card,TXN-5156276372,2026-09-12 12:47:00
836,610,300,MDL,paid,Cash,TXN-4389628215,2026-09-06 11:16:00
837,38,500,MDL,paid,Cash,TXN-2459123887,2026-09-04 15:15:00
838,916,800,MDL,paid,Card,TXN-1421119008,2026-09-07 09:52:00
839,757,800,MDL,paid,Cash,TXN-1665972094,2026-08-31 09:46:00
840,933,300,MDL,failed,MIA (Mobile Payment),TXN-9078624676,
841,706,1200,MDL,paid,Cash,TXN-6342605841,2026-09-14 11:27:00
842,433,500,MDL,paid,Cash,TXN-4462678967,2026-09-16 15:28:00
843,959,600,MDL,paid,MIA (Mobile Payment),TXN-3376181768,2026-09-05 18:11:00
844,571,450,MDL,paid,Cash,TXN-1635185717,2026-09-05 09:03:00
845,114,800,MDL,paid,MIA (Mobile Payment),TXN-8984864632,2026-08-25 16:57:00
846,591,800,MDL,paid,Bank Transfer,TXN-6564101327,2026-09-08 09:20:00
847,729,350,MDL,paid,Card,TXN-1073471044,2026-09-16 11:30:00
848,506,500,MDL,refunded,MIA (Mobile Payment),TXN-4413169878,
849,837,1000,MDL,failed,Bank Transfer,TXN-7446752203,
850,381,300,MDL,refunded,MIA (Mobile Payment),TXN-4100558146,
851,489,900,MDL,paid,MIA (Mobile Payment),TXN-3388907757,2026-09-02 13:44:00
852,92,1200,MDL,refunded,Bank Transfer,TXN-2862429636,
853,277,800,MDL,refunded,MIA (Mobile Payment),TXN-9837684623,
854,613,700,MDL,paid,MIA (Mobile Payment),TXN-3934692746,2026-08-27 10:59:00
855,596,450,MDL,paid,Card,TXN-6885725016,2026-09-09 14:48:00
856,905,600,MDL,paid,Cash,TXN-1427021130,2026-08-28 13:45:00
857,832,400,MDL,paid,Cash,TXN-9689675338,2026-09-14 14:17:00
858,299,350,MDL,paid,Cash,TXN-8205827053,2026-09-24 15:20:00
859,428,300,MDL,failed,Bank Transfer,TXN-1912486464,
860,7,1000,MDL,paid,Cash,TXN-6121665293,2026-09-22 17:21:00
861,585,400,MDL,paid,MIA (Mobile Payment),TXN-9340530193,2026-08-19 13:11:00
862,524,500,MDL,refunded,Bank Transfer,TXN-5818232320,
863,570,1200,MDL,refunded,Card,TXN-2662345142,
864,186,500,MDL,refunded,MIA (Mobile Payment),TXN-9793214343,
865,287,700,MDL,paid,Cash,TXN-4945978614,2026-09-11 14:46:00
866,693,1200,MDL,refunded,Bank Transfer,TXN-5342821596,
867,889,700,MDL,paid,Cash,TXN-6846462852,2026-09-07 15:18:00
868,815,500,MDL,pending,Cash,TXN-7440595126,
869,210,900,MDL,paid,Bank Transfer,TXN-6379882541,2026-08-11 10:25:00
870,736,600,MDL,paid,MIA (Mobile Payment),TXN-7906229308,2026-08-22 08:11:00
871,227,600,MDL,failed,Bank Transfer,TXN-6488553009,
872,928,800,MDL,paid,MIA (Mobile Payment),TXN-5072934636,2026-08-23 11:02:00
873,532,900,MDL,paid,Bank Transfer,TXN-4612227541,2026-08-13 18:57:00
874,897,350,MDL,paid,MIA (Mobile Payment),TXN-6433152975,2026-08-16 10:07:00
875,831,450,MDL,paid,Card,TXN-1702317851,2026-08-21 11:46:00
876,818,700,MDL,paid,Cash,TXN-7967626706,2026-09-09 11:33:00
877,621,350,MDL,paid,Card,TXN-8782956577,2026-08-31 12:18:00
878,6,900,MDL,paid,MIA (Mobile Payment),TXN-3662663793,2026-09-18 10:16:00
879,463,1000,MDL,paid,Card,TXN-3535660415,2026-08-26 14:30:00
880,201,500,MDL,paid,Bank Transfer,TXN-2447914826,2026-08-19 11:10:00
881,688,400,MDL,paid,MIA (Mobile Payment),TXN-7306467327,2026-08-17 15:24:00
882,404,350,MDL,failed,MIA (Mobile Payment),TXN-7698296612,
883,128,400,MDL,refunded,Bank Transfer,TXN-4125280738,
884,476,500,MDL,paid,Card,TXN-2182577810,2026-09-06 10:29:00
885,54,1200,MDL,paid,Bank Transfer,TXN-5144767534,2026-08-28 17:19:00
886,787,350,MDL,paid,Bank Transfer,TXN-8466169392,2026-09-28 17:02:00
887,182,600,MDL,refunded,Card,TXN-1893715956,
888,617,600,MDL,paid,Cash,TXN-8831921142,2026-09-15 11:39:00
889,273,800,MDL,paid,Card,TXN-4411719896,2026-08-18 10:13:00
890,244,1200,MDL,refunded,Card,TXN-8148066116,
891,834,1000,MDL,refunded,MIA (Mobile Payment),TXN-1723386963,
892,598,300,MDL,pending,Card,TXN-4329609316,
893,237,800,MDL,paid,Bank Transfer,TXN-8808747089,2026-09-01 12:57:00
894,758,400,MDL,paid,MIA (Mobile Payment),TXN-7663377875,2026-08-18 14:43:00
895,303,900,MDL,paid,Bank Transfer,TXN-2496309517,2026-08-15 09:28:00
896,234,500,MDL,paid,Bank Transfer,TXN-3365161954,2026-09-07 10:16:00
897,162,1000,MDL,paid,Cash,TXN-2632002202,2026-08-11 17:54:00
898,260,500,MDL,refunded,Cash,TXN-5428889581,
899,674,900,MDL,refunded,Card,TXN-9489157425,
900,721,450,MDL,refunded,Card,TXN-4882069887,
901,417,900,MDL,paid,Bank Transfer,TXN-2613477138,2026-09-04 12:12:00
902,964,300,MDL,paid,Card,TXN-1766589546,2026-09-18 18:54:00
903,676,400,MDL,paid,Card,TXN-1189785573,2026-08-28 14:38:00
904,586,800,MDL,refunded,Card,TXN-2137335042,
905,951,800,MDL,paid,Cash,TXN-3244340042,2026-08-21 18:17:00
906,458,300,MDL,refunded,MIA (Mobile Payment),TXN-1659350853,
907,794,1000,MDL,paid,Card,TXN-1716964208,2026-08-28 15:32:00
908,266,350,MDL,failed,Bank Transfer,TXN-4803353994,
909,4,800,MDL,refunded,Cash,TXN-2934969201,
910,827,500,MDL,paid,Cash,TXN-3015216952,2026-09-02 13:41:00
911,631,1200,MDL,paid,MIA (Mobile Payment),TXN-3302972748,2026-09-09 16:32:00
912,158,800,MDL,refunded,Card,TXN-7806622929,
913,246,450,MDL,paid,Card,TXN-1201422105,2026-08-10 11:16:00
914,5,500,MDL,refunded,MIA (Mobile Payment),TXN-9885850552,
915,804,500,MDL,refunded,MIA (Mobile Payment),TXN-8665900664,
916,719,400,MDL,paid,MIA (Mobile Payment),TXN-5354317652,2026-08-17 09:56:00
917,168,1000,MDL,paid,MIA (Mobile Payment),TXN-2748099510,2026-08-28 13:05:00
918,666,450,MDL,paid,Cash,TXN-2442934136,2026-08-19 09:52:00
919,206,400,MDL,paid,Card,TXN-4931836557,2026-09-11 13:54:00
920,1000,350,MDL,paid,MIA (Mobile Payment),TXN-9671963969,2026-08-19 11:10:00
921,540,450,MDL,paid,Card,TXN-2351194840,2026-08-26 17:29:00
922,497,800,MDL,paid,MIA (Mobile Payment),TXN-9046779144,2026-09-18 19:42:00
923,230,700,MDL,paid,Card,TXN-7699181285,2026-08-31 11:06:00
924,936,300,MDL,paid,Cash,TXN-7847865344,2026-09-17 12:13:00
925,462,300,MDL,refunded,Card,TXN-2004235910,
926,583,400,MDL,paid,Card,TXN-4120716326,2026-08-09 12:47:00
927,20,300,MDL,paid,Card,TXN-5836126455,2026-09-15 12:36:00
928,171,1000,MDL,refunded,Card,TXN-7814376502,
929,568,1000,MDL,refunded,Card,TXN-3058374473,
930,174,600,MDL,paid,Bank Transfer,TXN-4078170033,2026-08-21 11:57:00
931,220,900,MDL,paid,Cash,TXN-3830108388,2026-08-30 11:56:00
932,977,1200,MDL,paid,Bank Transfer,TXN-4926411245,2026-08-13 18:14:00
933,589,800,MDL,paid,MIA (Mobile Payment),TXN-7972543597,2026-09-15 15:48:00
934,322,1000,MDL,paid,Card,TXN-1687832776,2026-08-23 16:23:00
935,602,350,MDL,paid,Cash,TXN-9147406193,2026-09-23 17:50:00
936,189,800,MDL,paid,Cash,TXN-4290203585,2026-09-03 08:09:00
937,842,450,MDL,paid,Cash,TXN-4305763016,2026-08-20 13:25:00
938,619,1200,MDL,paid,Card,TXN-7658774832,2026-09-17 16:05:00
939,123,700,MDL,paid,Cash,TXN-7699136674,2026-08-07 17:31:00
940,148,900,MDL,paid,Cash,TXN-8265172715,2026-09-09 16:30:00
941,276,700,MDL,paid,Cash,TXN-8121059055,2026-09-01 14:42:00
942,69,300,MDL,refunded,Card,TXN-7605392487,
943,786,700,MDL,failed,MIA (Mobile Payment),TXN-5948573911,
944,356,450,MDL,paid,MIA (Mobile Payment),TXN-1387728408,2026-08-30 14:10:00
945,513,800,MDL,paid,Bank Transfer,TXN-8368379775,2026-09-03 12:37:00
946,534,600,MDL,refunded,Bank Transfer,TXN-3448267216,
947,481,1200,MDL,failed,Cash,TXN-4204578510,
948,715,800,MDL,paid,Card,TXN-6226910820,2026-08-23 13:33:00
949,34,1200,MDL,failed,Bank Transfer,TXN-2806778771,
950,127,900,MDL,failed,Card,TXN-2720438660,
